przystanek,dzien,czas odjazdu
LEŚNICA,w dni robocze,04:20
LEŚNICA,w dni robocze,05:15
LEŚNICA,w dni robocze,05:45
LEŚNICA,w dni robocze,06:15
LEŚNICA,w dni robocze,06:45
LEŚNICA,w dni robocze,07:15
LEŚNICA,w dni robocze,07:45
LEŚNICA,w dni robocze,08:15
LEŚNICA,w dni robocze,08:45
LEŚNICA,w dni robocze,09:15
LEŚNICA,w dni robocze,09:45
LEŚNICA,w dni robocze,10:15
LEŚNICA,w dni robocze,10:45
LEŚNICA,w dni robocze,11:15
LEŚNICA,w dni robocze,11:45
LEŚNICA,w dni robocze,12:15
LEŚNICA,w dni robocze,12:45
LEŚNICA,w dni robocze,13:15
LEŚNICA,w dni robocze,13:45
LEŚNICA,w dni robocze,14:15
LEŚNICA,w dni robocze,14:45
LEŚNICA,w dni robocze,15:15
LEŚNICA,w dni robocze,15:45
LEŚNICA,w dni robocze,16:15
LEŚNICA,w dni robocze,16:45
LEŚNICA,w dni robocze,17:15
LEŚNICA,w dni robocze,17:45
LEŚNICA,w dni robocze,18:15
LEŚNICA,w dni robocze,18:45
LEŚNICA,w dni robocze,19:15
LEŚNICA,w dni robocze,19:45
LEŚNICA,w dni robocze,20:45
LEŚNICA,w dni robocze,21:30
LEŚNICA,w dni robocze,22:30
LEŚNICA,w dni wolne,05:45
LEŚNICA,w dni wolne,06:42
LEŚNICA,w dni wolne,07:42
LEŚNICA,w dni wolne,08:42
LEŚNICA,w dni wolne,09:42
LEŚNICA,w dni wolne,10:42
LEŚNICA,w dni wolne,11:42
LEŚNICA,w dni wolne,12:42
LEŚNICA,w dni wolne,13:42
LEŚNICA,w dni wolne,14:42
LEŚNICA,w dni wolne,15:42
LEŚNICA,w dni wolne,16:42
LEŚNICA,w dni wolne,17:42
LEŚNICA,w dni wolne,18:42
LEŚNICA,w dni wolne,19:42
LEŚNICA,w dni wolne,20:30
LEŚNICA,w dni wolne,21:30
LEŚNICA,w dni wolne,22:30
LEŚNICA,w dniu 1.XI.2016r.,05:45
LEŚNICA,w dniu 1.XI.2016r.,06:42
LEŚNICA,w dniu 1.XI.2016r.,07:42
LEŚNICA,w dniu 1.XI.2016r.,08:42
LEŚNICA,w dniu 1.XI.2016r.,09:12
LEŚNICA,w dniu 1.XI.2016r.,09:27
LEŚNICA,w dniu 1.XI.2016r.,09:42
LEŚNICA,w dniu 1.XI.2016r.,09:57
LEŚNICA,w dniu 1.XI.2016r.,10:12
LEŚNICA,w dniu 1.XI.2016r.,10:27
LEŚNICA,w dniu 1.XI.2016r.,10:42
LEŚNICA,w dniu 1.XI.2016r.,10:57
LEŚNICA,w dniu 1.XI.2016r.,11:12
LEŚNICA,w dniu 1.XI.2016r.,11:27
LEŚNICA,w dniu 1.XI.2016r.,11:42
LEŚNICA,w dniu 1.XI.2016r.,11:57
LEŚNICA,w dniu 1.XI.2016r.,12:12
LEŚNICA,w dniu 1.XI.2016r.,12:27
LEŚNICA,w dniu 1.XI.2016r.,12:42
LEŚNICA,w dniu 1.XI.2016r.,12:57
LEŚNICA,w dniu 1.XI.2016r.,13:12
LEŚNICA,w dniu 1.XI.2016r.,13:27
LEŚNICA,w dniu 1.XI.2016r.,13:42
LEŚNICA,w dniu 1.XI.2016r.,13:57
LEŚNICA,w dniu 1.XI.2016r.,14:12
LEŚNICA,w dniu 1.XI.2016r.,14:27
LEŚNICA,w dniu 1.XI.2016r.,14:42
LEŚNICA,w dniu 1.XI.2016r.,14:57
LEŚNICA,w dniu 1.XI.2016r.,15:12
LEŚNICA,w dniu 1.XI.2016r.,15:27
LEŚNICA,w dniu 1.XI.2016r.,15:42
LEŚNICA,w dniu 1.XI.2016r.,15:57
LEŚNICA,w dniu 1.XI.2016r.,16:12
LEŚNICA,w dniu 1.XI.2016r.,16:27
LEŚNICA,w dniu 1.XI.2016r.,16:42
LEŚNICA,w dniu 1.XI.2016r.,16:57
LEŚNICA,w dniu 1.XI.2016r.,17:20
LEŚNICA,w dniu 1.XI.2016r.,17:42
LEŚNICA,w dniu 1.XI.2016r.,18:42
LEŚNICA,w dniu 1.XI.2016r.,19:42
LEŚNICA,w dniu 1.XI.2016r.,20:30
LEŚNICA,w dniu 1.XI.2016r.,21:30
LEŚNICA,w dniu 1.XI.2016r.,22:30
RUBCZAKA (Stacja kolejowa),w dni robocze,04:22
RUBCZAKA (Stacja kolejowa),w dni robocze,05:17
RUBCZAKA (Stacja kolejowa),w dni robocze,05:47
RUBCZAKA (Stacja kolejowa),w dni robocze,06:17
RUBCZAKA (Stacja kolejowa),w dni robocze,06:47
RUBCZAKA (Stacja kolejowa),w dni robocze,07:17
RUBCZAKA (Stacja kolejowa),w dni robocze,07:47
RUBCZAKA (Stacja kolejowa),w dni robocze,08:17
RUBCZAKA (Stacja kolejowa),w dni robocze,08:47
RUBCZAKA (Stacja kolejowa),w dni robocze,09:17
RUBCZAKA (Stacja kolejowa),w dni robocze,09:47
RUBCZAKA (Stacja kolejowa),w dni robocze,10:17
RUBCZAKA (Stacja kolejowa),w dni robocze,10:47
RUBCZAKA (Stacja kolejowa),w dni robocze,11:17
RUBCZAKA (Stacja kolejowa),w dni robocze,11:47
RUBCZAKA (Stacja kolejowa),w dni robocze,12:17
RUBCZAKA (Stacja kolejowa),w dni robocze,12:47
RUBCZAKA (Stacja kolejowa),w dni robocze,13:17
RUBCZAKA (Stacja kolejowa),w dni robocze,13:47
RUBCZAKA (Stacja kolejowa),w dni robocze,14:17
RUBCZAKA (Stacja kolejowa),w dni robocze,14:47
RUBCZAKA (Stacja kolejowa),w dni robocze,15:17
RUBCZAKA (Stacja kolejowa),w dni robocze,15:47
RUBCZAKA (Stacja kolejowa),w dni robocze,16:17
RUBCZAKA (Stacja kolejowa),w dni robocze,16:47
RUBCZAKA (Stacja kolejowa),w dni robocze,17:17
RUBCZAKA (Stacja kolejowa),w dni robocze,17:47
RUBCZAKA (Stacja kolejowa),w dni robocze,18:17
RUBCZAKA (Stacja kolejowa),w dni robocze,18:47
RUBCZAKA (Stacja kolejowa),w dni robocze,19:17
RUBCZAKA (Stacja kolejowa),w dni robocze,19:47
RUBCZAKA (Stacja kolejowa),w dni robocze,20:47
RUBCZAKA (Stacja kolejowa),w dni robocze,21:32
RUBCZAKA (Stacja kolejowa),w dni robocze,22:32
RUBCZAKA (Stacja kolejowa),w dni wolne,05:47
RUBCZAKA (Stacja kolejowa),w dni wolne,06:44
RUBCZAKA (Stacja kolejowa),w dni wolne,07:44
RUBCZAKA (Stacja kolejowa),w dni wolne,08:44
RUBCZAKA (Stacja kolejowa),w dni wolne,09:44
RUBCZAKA (Stacja kolejowa),w dni wolne,10:44
RUBCZAKA (Stacja kolejowa),w dni wolne,11:44
RUBCZAKA (Stacja kolejowa),w dni wolne,12:44
RUBCZAKA (Stacja kolejowa),w dni wolne,13:44
RUBCZAKA (Stacja kolejowa),w dni wolne,14:44
RUBCZAKA (Stacja kolejowa),w dni wolne,15:44
RUBCZAKA (Stacja kolejowa),w dni wolne,16:44
RUBCZAKA (Stacja kolejowa),w dni wolne,17:44
RUBCZAKA (Stacja kolejowa),w dni wolne,18:44
RUBCZAKA (Stacja kolejowa),w dni wolne,19:44
RUBCZAKA (Stacja kolejowa),w dni wolne,20:32
RUBCZAKA (Stacja kolejowa),w dni wolne,21:32
RUBCZAKA (Stacja kolejowa),w dni wolne,22:32
RUBCZAKA (Stacja kolejowa),w dniu 1.XI.2016r.,05:47
RUBCZAKA (Stacja kolejowa),w dniu 1.XI.2016r.,06:44
RUBCZAKA (Stacja kolejowa),w dniu 1.XI.2016r.,07:44
RUBCZAKA (Stacja kolejowa),w dniu 1.XI.2016r.,08:44
RUBCZAKA (Stacja kolejowa),w dniu 1.XI.2016r.,09:14
RUBCZAKA (Stacja kolejowa),w dniu 1.XI.2016r.,09:29
RUBCZAKA (Stacja kolejowa),w dniu 1.XI.2016r.,09:44
RUBCZAKA (Stacja kolejowa),w dniu 1.XI.2016r.,09:59
RUBCZAKA (Stacja kolejowa),w dniu 1.XI.2016r.,10:14
RUBCZAKA (Stacja kolejowa),w dniu 1.XI.2016r.,10:29
RUBCZAKA (Stacja kolejowa),w dniu 1.XI.2016r.,10:44
RUBCZAKA (Stacja kolejowa),w dniu 1.XI.2016r.,10:59
RUBCZAKA (Stacja kolejowa),w dniu 1.XI.2016r.,11:14
RUBCZAKA (Stacja kolejowa),w dniu 1.XI.2016r.,11:29
RUBCZAKA (Stacja kolejowa),w dniu 1.XI.2016r.,11:44
RUBCZAKA (Stacja kolejowa),w dniu 1.XI.2016r.,11:59
RUBCZAKA (Stacja kolejowa),w dniu 1.XI.2016r.,12:14
RUBCZAKA (Stacja kolejowa),w dniu 1.XI.2016r.,12:29
RUBCZAKA (Stacja kolejowa),w dniu 1.XI.2016r.,12:44
RUBCZAKA (Stacja kolejowa),w dniu 1.XI.2016r.,12:59
RUBCZAKA (Stacja kolejowa),w dniu 1.XI.2016r.,13:14
RUBCZAKA (Stacja kolejowa),w dniu 1.XI.2016r.,13:29
RUBCZAKA (Stacja kolejowa),w dniu 1.XI.2016r.,13:44
RUBCZAKA (Stacja kolejowa),w dniu 1.XI.2016r.,13:59
RUBCZAKA (Stacja kolejowa),w dniu 1.XI.2016r.,14:14
RUBCZAKA (Stacja kolejowa),w dniu 1.XI.2016r.,14:29
RUBCZAKA (Stacja kolejowa),w dniu 1.XI.2016r.,14:44
RUBCZAKA (Stacja kolejowa),w dniu 1.XI.2016r.,14:59
RUBCZAKA (Stacja kolejowa),w dniu 1.XI.2016r.,15:14
RUBCZAKA (Stacja kolejowa),w dniu 1.XI.2016r.,15:29
RUBCZAKA (Stacja kolejowa),w dniu 1.XI.2016r.,15:44
RUBCZAKA (Stacja kolejowa),w dniu 1.XI.2016r.,15:59
RUBCZAKA (Stacja kolejowa),w dniu 1.XI.2016r.,16:14
RUBCZAKA (Stacja kolejowa),w dniu 1.XI.2016r.,16:29
RUBCZAKA (Stacja kolejowa),w dniu 1.XI.2016r.,16:44
RUBCZAKA (Stacja kolejowa),w dniu 1.XI.2016r.,16:59
RUBCZAKA (Stacja kolejowa),w dniu 1.XI.2016r.,17:22
RUBCZAKA (Stacja kolejowa),w dniu 1.XI.2016r.,17:44
RUBCZAKA (Stacja kolejowa),w dniu 1.XI.2016r.,18:44
RUBCZAKA (Stacja kolejowa),w dniu 1.XI.2016r.,19:44
RUBCZAKA (Stacja kolejowa),w dniu 1.XI.2016r.,20:32
RUBCZAKA (Stacja kolejowa),w dniu 1.XI.2016r.,21:32
RUBCZAKA (Stacja kolejowa),w dniu 1.XI.2016r.,22:32
Rubczaka,w dni robocze,04:22
Rubczaka,w dni robocze,05:17
Rubczaka,w dni robocze,05:47
Rubczaka,w dni robocze,06:18
Rubczaka,w dni robocze,06:48
Rubczaka,w dni robocze,07:18
Rubczaka,w dni robocze,07:48
Rubczaka,w dni robocze,08:18
Rubczaka,w dni robocze,08:48
Rubczaka,w dni robocze,09:18
Rubczaka,w dni robocze,09:48
Rubczaka,w dni robocze,10:18
Rubczaka,w dni robocze,10:48
Rubczaka,w dni robocze,11:18
Rubczaka,w dni robocze,11:48
Rubczaka,w dni robocze,12:18
Rubczaka,w dni robocze,12:48
Rubczaka,w dni robocze,13:18
Rubczaka,w dni robocze,13:48
Rubczaka,w dni robocze,14:18
Rubczaka,w dni robocze,14:48
Rubczaka,w dni robocze,15:18
Rubczaka,w dni robocze,15:48
Rubczaka,w dni robocze,16:18
Rubczaka,w dni robocze,16:48
Rubczaka,w dni robocze,17:18
Rubczaka,w dni robocze,17:48
Rubczaka,w dni robocze,18:18
Rubczaka,w dni robocze,18:48
Rubczaka,w dni robocze,19:18
Rubczaka,w dni robocze,19:48
Rubczaka,w dni robocze,20:48
Rubczaka,w dni robocze,21:33
Rubczaka,w dni robocze,22:33
Rubczaka,w dni wolne,05:47
Rubczaka,w dni wolne,06:45
Rubczaka,w dni wolne,07:45
Rubczaka,w dni wolne,08:45
Rubczaka,w dni wolne,09:45
Rubczaka,w dni wolne,10:45
Rubczaka,w dni wolne,11:45
Rubczaka,w dni wolne,12:45
Rubczaka,w dni wolne,13:45
Rubczaka,w dni wolne,14:45
Rubczaka,w dni wolne,15:45
Rubczaka,w dni wolne,16:45
Rubczaka,w dni wolne,17:45
Rubczaka,w dni wolne,18:45
Rubczaka,w dni wolne,19:45
Rubczaka,w dni wolne,20:33
Rubczaka,w dni wolne,21:33
Rubczaka,w dni wolne,22:33
Rubczaka,w dniu 1.XI.2016r.,05:47
Rubczaka,w dniu 1.XI.2016r.,06:45
Rubczaka,w dniu 1.XI.2016r.,07:45
Rubczaka,w dniu 1.XI.2016r.,08:45
Rubczaka,w dniu 1.XI.2016r.,09:15
Rubczaka,w dniu 1.XI.2016r.,09:30
Rubczaka,w dniu 1.XI.2016r.,09:45
Rubczaka,w dniu 1.XI.2016r.,10:00
Rubczaka,w dniu 1.XI.2016r.,10:15
Rubczaka,w dniu 1.XI.2016r.,10:30
Rubczaka,w dniu 1.XI.2016r.,10:45
Rubczaka,w dniu 1.XI.2016r.,11:00
Rubczaka,w dniu 1.XI.2016r.,11:15
Rubczaka,w dniu 1.XI.2016r.,11:30
Rubczaka,w dniu 1.XI.2016r.,11:45
Rubczaka,w dniu 1.XI.2016r.,12:00
Rubczaka,w dniu 1.XI.2016r.,12:15
Rubczaka,w dniu 1.XI.2016r.,12:30
Rubczaka,w dniu 1.XI.2016r.,12:45
Rubczaka,w dniu 1.XI.2016r.,13:00
Rubczaka,w dniu 1.XI.2016r.,13:15
Rubczaka,w dniu 1.XI.2016r.,13:30
Rubczaka,w dniu 1.XI.2016r.,13:45
Rubczaka,w dniu 1.XI.2016r.,14:00
Rubczaka,w dniu 1.XI.2016r.,14:15
Rubczaka,w dniu 1.XI.2016r.,14:30
Rubczaka,w dniu 1.XI.2016r.,14:45
Rubczaka,w dniu 1.XI.2016r.,15:00
Rubczaka,w dniu 1.XI.2016r.,15:15
Rubczaka,w dniu 1.XI.2016r.,15:30
Rubczaka,w dniu 1.XI.2016r.,15:45
Rubczaka,w dniu 1.XI.2016r.,16:00
Rubczaka,w dniu 1.XI.2016r.,16:15
Rubczaka,w dniu 1.XI.2016r.,16:30
Rubczaka,w dniu 1.XI.2016r.,16:45
Rubczaka,w dniu 1.XI.2016r.,17:00
Rubczaka,w dniu 1.XI.2016r.,17:23
Rubczaka,w dniu 1.XI.2016r.,17:45
Rubczaka,w dniu 1.XI.2016r.,18:45
Rubczaka,w dniu 1.XI.2016r.,19:45
Rubczaka,w dniu 1.XI.2016r.,20:33
Rubczaka,w dniu 1.XI.2016r.,21:33
Rubczaka,w dniu 1.XI.2016r.,22:33
Średzka,w dni robocze,04:23
Średzka,w dni robocze,05:18
Średzka,w dni robocze,05:48
Średzka,w dni robocze,06:19
Średzka,w dni robocze,06:49
Średzka,w dni robocze,07:19
Średzka,w dni robocze,07:49
Średzka,w dni robocze,08:19
Średzka,w dni robocze,08:49
Średzka,w dni robocze,09:19
Średzka,w dni robocze,09:49
Średzka,w dni robocze,10:19
Średzka,w dni robocze,10:49
Średzka,w dni robocze,11:19
Średzka,w dni robocze,11:49
Średzka,w dni robocze,12:19
Średzka,w dni robocze,12:49
Średzka,w dni robocze,13:19
Średzka,w dni robocze,13:49
Średzka,w dni robocze,14:19
Średzka,w dni robocze,14:49
Średzka,w dni robocze,15:19
Średzka,w dni robocze,15:49
Średzka,w dni robocze,16:19
Średzka,w dni robocze,16:49
Średzka,w dni robocze,17:19
Średzka,w dni robocze,17:49
Średzka,w dni robocze,18:19
Średzka,w dni robocze,18:49
Średzka,w dni robocze,19:19
Średzka,w dni robocze,19:49
Średzka,w dni robocze,20:49
Średzka,w dni robocze,21:34
Średzka,w dni robocze,22:34
Średzka,w dni wolne,05:48
Średzka,w dni wolne,06:46
Średzka,w dni wolne,07:46
Średzka,w dni wolne,08:46
Średzka,w dni wolne,09:46
Średzka,w dni wolne,10:46
Średzka,w dni wolne,11:46
Średzka,w dni wolne,12:46
Średzka,w dni wolne,13:46
Średzka,w dni wolne,14:46
Średzka,w dni wolne,15:46
Średzka,w dni wolne,16:46
Średzka,w dni wolne,17:46
Średzka,w dni wolne,18:46
Średzka,w dni wolne,19:46
Średzka,w dni wolne,20:34
Średzka,w dni wolne,21:34
Średzka,w dni wolne,22:34
Średzka,w dniu 1.XI.2016r.,05:48
Średzka,w dniu 1.XI.2016r.,06:46
Średzka,w dniu 1.XI.2016r.,07:46
Średzka,w dniu 1.XI.2016r.,08:46
Średzka,w dniu 1.XI.2016r.,09:16
Średzka,w dniu 1.XI.2016r.,09:31
Średzka,w dniu 1.XI.2016r.,09:46
Średzka,w dniu 1.XI.2016r.,10:01
Średzka,w dniu 1.XI.2016r.,10:16
Średzka,w dniu 1.XI.2016r.,10:31
Średzka,w dniu 1.XI.2016r.,10:46
Średzka,w dniu 1.XI.2016r.,11:01
Średzka,w dniu 1.XI.2016r.,11:16
Średzka,w dniu 1.XI.2016r.,11:31
Średzka,w dniu 1.XI.2016r.,11:46
Średzka,w dniu 1.XI.2016r.,12:01
Średzka,w dniu 1.XI.2016r.,12:16
Średzka,w dniu 1.XI.2016r.,12:31
Średzka,w dniu 1.XI.2016r.,12:46
Średzka,w dniu 1.XI.2016r.,13:01
Średzka,w dniu 1.XI.2016r.,13:16
Średzka,w dniu 1.XI.2016r.,13:31
Średzka,w dniu 1.XI.2016r.,13:46
Średzka,w dniu 1.XI.2016r.,14:01
Średzka,w dniu 1.XI.2016r.,14:16
Średzka,w dniu 1.XI.2016r.,14:31
Średzka,w dniu 1.XI.2016r.,14:46
Średzka,w dniu 1.XI.2016r.,15:01
Średzka,w dniu 1.XI.2016r.,15:16
Średzka,w dniu 1.XI.2016r.,15:31
Średzka,w dniu 1.XI.2016r.,15:46
Średzka,w dniu 1.XI.2016r.,16:01
Średzka,w dniu 1.XI.2016r.,16:16
Średzka,w dniu 1.XI.2016r.,16:31
Średzka,w dniu 1.XI.2016r.,16:46
Średzka,w dniu 1.XI.2016r.,17:01
Średzka,w dniu 1.XI.2016r.,17:24
Średzka,w dniu 1.XI.2016r.,17:46
Średzka,w dniu 1.XI.2016r.,18:46
Średzka,w dniu 1.XI.2016r.,19:46
Średzka,w dniu 1.XI.2016r.,20:34
Średzka,w dniu 1.XI.2016r.,21:34
Średzka,w dniu 1.XI.2016r.,22:34
Wolska,w dni robocze,04:25
Wolska,w dni robocze,05:20
Wolska,w dni robocze,05:50
Wolska,w dni robocze,06:21
Wolska,w dni robocze,06:51
Wolska,w dni robocze,07:21
Wolska,w dni robocze,07:51
Wolska,w dni robocze,08:21
Wolska,w dni robocze,08:51
Wolska,w dni robocze,09:21
Wolska,w dni robocze,09:51
Wolska,w dni robocze,10:21
Wolska,w dni robocze,10:51
Wolska,w dni robocze,11:21
Wolska,w dni robocze,11:51
Wolska,w dni robocze,12:21
Wolska,w dni robocze,12:51
Wolska,w dni robocze,13:21
Wolska,w dni robocze,13:51
Wolska,w dni robocze,14:21
Wolska,w dni robocze,14:51
Wolska,w dni robocze,15:21
Wolska,w dni robocze,15:51
Wolska,w dni robocze,16:21
Wolska,w dni robocze,16:51
Wolska,w dni robocze,17:21
Wolska,w dni robocze,17:51
Wolska,w dni robocze,18:21
Wolska,w dni robocze,18:51
Wolska,w dni robocze,19:21
Wolska,w dni robocze,19:51
Wolska,w dni robocze,20:51
Wolska,w dni robocze,21:36
Wolska,w dni robocze,22:36
Wolska,w dni wolne,05:50
Wolska,w dni wolne,06:48
Wolska,w dni wolne,07:48
Wolska,w dni wolne,08:48
Wolska,w dni wolne,09:48
Wolska,w dni wolne,10:48
Wolska,w dni wolne,11:48
Wolska,w dni wolne,12:48
Wolska,w dni wolne,13:48
Wolska,w dni wolne,14:48
Wolska,w dni wolne,15:48
Wolska,w dni wolne,16:48
Wolska,w dni wolne,17:48
Wolska,w dni wolne,18:48
Wolska,w dni wolne,19:48
Wolska,w dni wolne,20:36
Wolska,w dni wolne,21:36
Wolska,w dni wolne,22:36
Wolska,w dniu 1.XI.2016r.,05:50
Wolska,w dniu 1.XI.2016r.,06:48
Wolska,w dniu 1.XI.2016r.,07:48
Wolska,w dniu 1.XI.2016r.,08:48
Wolska,w dniu 1.XI.2016r.,09:18
Wolska,w dniu 1.XI.2016r.,09:33
Wolska,w dniu 1.XI.2016r.,09:48
Wolska,w dniu 1.XI.2016r.,10:03
Wolska,w dniu 1.XI.2016r.,10:18
Wolska,w dniu 1.XI.2016r.,10:33
Wolska,w dniu 1.XI.2016r.,10:48
Wolska,w dniu 1.XI.2016r.,11:03
Wolska,w dniu 1.XI.2016r.,11:18
Wolska,w dniu 1.XI.2016r.,11:33
Wolska,w dniu 1.XI.2016r.,11:48
Wolska,w dniu 1.XI.2016r.,12:03
Wolska,w dniu 1.XI.2016r.,12:18
Wolska,w dniu 1.XI.2016r.,12:33
Wolska,w dniu 1.XI.2016r.,12:48
Wolska,w dniu 1.XI.2016r.,13:03
Wolska,w dniu 1.XI.2016r.,13:18
Wolska,w dniu 1.XI.2016r.,13:33
Wolska,w dniu 1.XI.2016r.,13:48
Wolska,w dniu 1.XI.2016r.,14:03
Wolska,w dniu 1.XI.2016r.,14:18
Wolska,w dniu 1.XI.2016r.,14:33
Wolska,w dniu 1.XI.2016r.,14:48
Wolska,w dniu 1.XI.2016r.,15:03
Wolska,w dniu 1.XI.2016r.,15:18
Wolska,w dniu 1.XI.2016r.,15:33
Wolska,w dniu 1.XI.2016r.,15:48
Wolska,w dniu 1.XI.2016r.,16:03
Wolska,w dniu 1.XI.2016r.,16:18
Wolska,w dniu 1.XI.2016r.,16:33
Wolska,w dniu 1.XI.2016r.,16:48
Wolska,w dniu 1.XI.2016r.,17:03
Wolska,w dniu 1.XI.2016r.,17:26
Wolska,w dniu 1.XI.2016r.,17:48
Wolska,w dniu 1.XI.2016r.,18:48
Wolska,w dniu 1.XI.2016r.,19:48
Wolska,w dniu 1.XI.2016r.,20:36
Wolska,w dniu 1.XI.2016r.,21:36
Wolska,w dniu 1.XI.2016r.,22:36
Polkowicka,w dni robocze,04:26
Polkowicka,w dni robocze,05:21
Polkowicka,w dni robocze,05:51
Polkowicka,w dni robocze,06:22
Polkowicka,w dni robocze,06:52
Polkowicka,w dni robocze,07:22
Polkowicka,w dni robocze,07:52
Polkowicka,w dni robocze,08:22
Polkowicka,w dni robocze,08:52
Polkowicka,w dni robocze,09:22
Polkowicka,w dni robocze,09:52
Polkowicka,w dni robocze,10:22
Polkowicka,w dni robocze,10:52
Polkowicka,w dni robocze,11:22
Polkowicka,w dni robocze,11:52
Polkowicka,w dni robocze,12:22
Polkowicka,w dni robocze,12:52
Polkowicka,w dni robocze,13:22
Polkowicka,w dni robocze,13:52
Polkowicka,w dni robocze,14:22
Polkowicka,w dni robocze,14:52
Polkowicka,w dni robocze,15:22
Polkowicka,w dni robocze,15:52
Polkowicka,w dni robocze,16:22
Polkowicka,w dni robocze,16:52
Polkowicka,w dni robocze,17:22
Polkowicka,w dni robocze,17:52
Polkowicka,w dni robocze,18:22
Polkowicka,w dni robocze,18:52
Polkowicka,w dni robocze,19:22
Polkowicka,w dni robocze,19:52
Polkowicka,w dni robocze,20:52
Polkowicka,w dni robocze,21:37
Polkowicka,w dni robocze,22:37
Polkowicka,w dni wolne,05:51
Polkowicka,w dni wolne,06:49
Polkowicka,w dni wolne,07:49
Polkowicka,w dni wolne,08:49
Polkowicka,w dni wolne,09:49
Polkowicka,w dni wolne,10:49
Polkowicka,w dni wolne,11:49
Polkowicka,w dni wolne,12:49
Polkowicka,w dni wolne,13:49
Polkowicka,w dni wolne,14:49
Polkowicka,w dni wolne,15:49
Polkowicka,w dni wolne,16:49
Polkowicka,w dni wolne,17:49
Polkowicka,w dni wolne,18:49
Polkowicka,w dni wolne,19:49
Polkowicka,w dni wolne,20:37
Polkowicka,w dni wolne,21:37
Polkowicka,w dni wolne,22:37
Polkowicka,w dniu 1.XI.2016r.,05:51
Polkowicka,w dniu 1.XI.2016r.,06:49
Polkowicka,w dniu 1.XI.2016r.,07:49
Polkowicka,w dniu 1.XI.2016r.,08:49
Polkowicka,w dniu 1.XI.2016r.,09:19
Polkowicka,w dniu 1.XI.2016r.,09:34
Polkowicka,w dniu 1.XI.2016r.,09:49
Polkowicka,w dniu 1.XI.2016r.,10:04
Polkowicka,w dniu 1.XI.2016r.,10:19
Polkowicka,w dniu 1.XI.2016r.,10:34
Polkowicka,w dniu 1.XI.2016r.,10:49
Polkowicka,w dniu 1.XI.2016r.,11:04
Polkowicka,w dniu 1.XI.2016r.,11:19
Polkowicka,w dniu 1.XI.2016r.,11:34
Polkowicka,w dniu 1.XI.2016r.,11:49
Polkowicka,w dniu 1.XI.2016r.,12:04
Polkowicka,w dniu 1.XI.2016r.,12:19
Polkowicka,w dniu 1.XI.2016r.,12:34
Polkowicka,w dniu 1.XI.2016r.,12:49
Polkowicka,w dniu 1.XI.2016r.,13:04
Polkowicka,w dniu 1.XI.2016r.,13:19
Polkowicka,w dniu 1.XI.2016r.,13:34
Polkowicka,w dniu 1.XI.2016r.,13:49
Polkowicka,w dniu 1.XI.2016r.,14:04
Polkowicka,w dniu 1.XI.2016r.,14:19
Polkowicka,w dniu 1.XI.2016r.,14:34
Polkowicka,w dniu 1.XI.2016r.,14:49
Polkowicka,w dniu 1.XI.2016r.,15:04
Polkowicka,w dniu 1.XI.2016r.,15:19
Polkowicka,w dniu 1.XI.2016r.,15:34
Polkowicka,w dniu 1.XI.2016r.,15:49
Polkowicka,w dniu 1.XI.2016r.,16:04
Polkowicka,w dniu 1.XI.2016r.,16:19
Polkowicka,w dniu 1.XI.2016r.,16:34
Polkowicka,w dniu 1.XI.2016r.,16:49
Polkowicka,w dniu 1.XI.2016r.,17:04
Polkowicka,w dniu 1.XI.2016r.,17:27
Polkowicka,w dniu 1.XI.2016r.,17:49
Polkowicka,w dniu 1.XI.2016r.,18:49
Polkowicka,w dniu 1.XI.2016r.,19:49
Polkowicka,w dniu 1.XI.2016r.,20:37
Polkowicka,w dniu 1.XI.2016r.,21:37
Polkowicka,w dniu 1.XI.2016r.,22:37
Hartmana,w dni robocze,04:27
Hartmana,w dni robocze,05:22
Hartmana,w dni robocze,05:52
Hartmana,w dni robocze,06:24
Hartmana,w dni robocze,06:54
Hartmana,w dni robocze,07:24
Hartmana,w dni robocze,07:54
Hartmana,w dni robocze,08:24
Hartmana,w dni robocze,08:54
Hartmana,w dni robocze,09:24
Hartmana,w dni robocze,09:54
Hartmana,w dni robocze,10:24
Hartmana,w dni robocze,10:54
Hartmana,w dni robocze,11:24
Hartmana,w dni robocze,11:54
Hartmana,w dni robocze,12:24
Hartmana,w dni robocze,12:54
Hartmana,w dni robocze,13:24
Hartmana,w dni robocze,13:54
Hartmana,w dni robocze,14:24
Hartmana,w dni robocze,14:54
Hartmana,w dni robocze,15:24
Hartmana,w dni robocze,15:54
Hartmana,w dni robocze,16:24
Hartmana,w dni robocze,16:54
Hartmana,w dni robocze,17:24
Hartmana,w dni robocze,17:54
Hartmana,w dni robocze,18:24
Hartmana,w dni robocze,18:54
Hartmana,w dni robocze,19:24
Hartmana,w dni robocze,19:54
Hartmana,w dni robocze,20:53
Hartmana,w dni robocze,21:38
Hartmana,w dni robocze,22:38
Hartmana,w dni wolne,05:52
Hartmana,w dni wolne,06:50
Hartmana,w dni wolne,07:50
Hartmana,w dni wolne,08:50
Hartmana,w dni wolne,09:51
Hartmana,w dni wolne,10:51
Hartmana,w dni wolne,11:51
Hartmana,w dni wolne,12:51
Hartmana,w dni wolne,13:51
Hartmana,w dni wolne,14:51
Hartmana,w dni wolne,15:51
Hartmana,w dni wolne,16:51
Hartmana,w dni wolne,17:51
Hartmana,w dni wolne,18:51
Hartmana,w dni wolne,19:51
Hartmana,w dni wolne,20:38
Hartmana,w dni wolne,21:38
Hartmana,w dni wolne,22:38
Hartmana,w dniu 1.XI.2016r.,05:52
Hartmana,w dniu 1.XI.2016r.,06:50
Hartmana,w dniu 1.XI.2016r.,07:50
Hartmana,w dniu 1.XI.2016r.,08:50
Hartmana,w dniu 1.XI.2016r.,09:21
Hartmana,w dniu 1.XI.2016r.,09:36
Hartmana,w dniu 1.XI.2016r.,09:51
Hartmana,w dniu 1.XI.2016r.,10:06
Hartmana,w dniu 1.XI.2016r.,10:21
Hartmana,w dniu 1.XI.2016r.,10:36
Hartmana,w dniu 1.XI.2016r.,10:51
Hartmana,w dniu 1.XI.2016r.,11:06
Hartmana,w dniu 1.XI.2016r.,11:21
Hartmana,w dniu 1.XI.2016r.,11:36
Hartmana,w dniu 1.XI.2016r.,11:51
Hartmana,w dniu 1.XI.2016r.,12:06
Hartmana,w dniu 1.XI.2016r.,12:21
Hartmana,w dniu 1.XI.2016r.,12:36
Hartmana,w dniu 1.XI.2016r.,12:51
Hartmana,w dniu 1.XI.2016r.,13:06
Hartmana,w dniu 1.XI.2016r.,13:21
Hartmana,w dniu 1.XI.2016r.,13:36
Hartmana,w dniu 1.XI.2016r.,13:51
Hartmana,w dniu 1.XI.2016r.,14:06
Hartmana,w dniu 1.XI.2016r.,14:21
Hartmana,w dniu 1.XI.2016r.,14:36
Hartmana,w dniu 1.XI.2016r.,14:51
Hartmana,w dniu 1.XI.2016r.,15:06
Hartmana,w dniu 1.XI.2016r.,15:21
Hartmana,w dniu 1.XI.2016r.,15:36
Hartmana,w dniu 1.XI.2016r.,15:51
Hartmana,w dniu 1.XI.2016r.,16:06
Hartmana,w dniu 1.XI.2016r.,16:21
Hartmana,w dniu 1.XI.2016r.,16:36
Hartmana,w dniu 1.XI.2016r.,16:51
Hartmana,w dniu 1.XI.2016r.,17:06
Hartmana,w dniu 1.XI.2016r.,17:29
Hartmana,w dniu 1.XI.2016r.,17:51
Hartmana,w dniu 1.XI.2016r.,18:51
Hartmana,w dniu 1.XI.2016r.,19:51
Hartmana,w dniu 1.XI.2016r.,20:38
Hartmana,w dniu 1.XI.2016r.,21:38
Hartmana,w dniu 1.XI.2016r.,22:38
Marszowicka,w dni robocze,04:28
Marszowicka,w dni robocze,05:23
Marszowicka,w dni robocze,05:53
Marszowicka,w dni robocze,06:25
Marszowicka,w dni robocze,06:55
Marszowicka,w dni robocze,07:25
Marszowicka,w dni robocze,07:55
Marszowicka,w dni robocze,08:25
Marszowicka,w dni robocze,08:55
Marszowicka,w dni robocze,09:25
Marszowicka,w dni robocze,09:55
Marszowicka,w dni robocze,10:25
Marszowicka,w dni robocze,10:55
Marszowicka,w dni robocze,11:25
Marszowicka,w dni robocze,11:55
Marszowicka,w dni robocze,12:25
Marszowicka,w dni robocze,12:55
Marszowicka,w dni robocze,13:25
Marszowicka,w dni robocze,13:55
Marszowicka,w dni robocze,14:25
Marszowicka,w dni robocze,14:55
Marszowicka,w dni robocze,15:25
Marszowicka,w dni robocze,15:55
Marszowicka,w dni robocze,16:25
Marszowicka,w dni robocze,16:55
Marszowicka,w dni robocze,17:25
Marszowicka,w dni robocze,17:55
Marszowicka,w dni robocze,18:25
Marszowicka,w dni robocze,18:55
Marszowicka,w dni robocze,19:25
Marszowicka,w dni robocze,19:55
Marszowicka,w dni robocze,20:54
Marszowicka,w dni robocze,21:39
Marszowicka,w dni robocze,22:39
Marszowicka,w dni wolne,05:53
Marszowicka,w dni wolne,06:51
Marszowicka,w dni wolne,07:51
Marszowicka,w dni wolne,08:51
Marszowicka,w dni wolne,09:52
Marszowicka,w dni wolne,10:52
Marszowicka,w dni wolne,11:52
Marszowicka,w dni wolne,12:52
Marszowicka,w dni wolne,13:52
Marszowicka,w dni wolne,14:52
Marszowicka,w dni wolne,15:52
Marszowicka,w dni wolne,16:52
Marszowicka,w dni wolne,17:52
Marszowicka,w dni wolne,18:52
Marszowicka,w dni wolne,19:52
Marszowicka,w dni wolne,20:39
Marszowicka,w dni wolne,21:39
Marszowicka,w dni wolne,22:39
Marszowicka,w dniu 1.XI.2016r.,05:53
Marszowicka,w dniu 1.XI.2016r.,06:51
Marszowicka,w dniu 1.XI.2016r.,07:51
Marszowicka,w dniu 1.XI.2016r.,08:51
Marszowicka,w dniu 1.XI.2016r.,09:22
Marszowicka,w dniu 1.XI.2016r.,09:37
Marszowicka,w dniu 1.XI.2016r.,09:52
Marszowicka,w dniu 1.XI.2016r.,10:07
Marszowicka,w dniu 1.XI.2016r.,10:22
Marszowicka,w dniu 1.XI.2016r.,10:37
Marszowicka,w dniu 1.XI.2016r.,10:52
Marszowicka,w dniu 1.XI.2016r.,11:07
Marszowicka,w dniu 1.XI.2016r.,11:22
Marszowicka,w dniu 1.XI.2016r.,11:37
Marszowicka,w dniu 1.XI.2016r.,11:52
Marszowicka,w dniu 1.XI.2016r.,12:07
Marszowicka,w dniu 1.XI.2016r.,12:22
Marszowicka,w dniu 1.XI.2016r.,12:37
Marszowicka,w dniu 1.XI.2016r.,12:52
Marszowicka,w dniu 1.XI.2016r.,13:07
Marszowicka,w dniu 1.XI.2016r.,13:22
Marszowicka,w dniu 1.XI.2016r.,13:37
Marszowicka,w dniu 1.XI.2016r.,13:52
Marszowicka,w dniu 1.XI.2016r.,14:07
Marszowicka,w dniu 1.XI.2016r.,14:22
Marszowicka,w dniu 1.XI.2016r.,14:37
Marszowicka,w dniu 1.XI.2016r.,14:52
Marszowicka,w dniu 1.XI.2016r.,15:07
Marszowicka,w dniu 1.XI.2016r.,15:22
Marszowicka,w dniu 1.XI.2016r.,15:37
Marszowicka,w dniu 1.XI.2016r.,15:52
Marszowicka,w dniu 1.XI.2016r.,16:07
Marszowicka,w dniu 1.XI.2016r.,16:22
Marszowicka,w dniu 1.XI.2016r.,16:37
Marszowicka,w dniu 1.XI.2016r.,16:52
Marszowicka,w dniu 1.XI.2016r.,17:07
Marszowicka,w dniu 1.XI.2016r.,17:30
Marszowicka,w dniu 1.XI.2016r.,17:52
Marszowicka,w dniu 1.XI.2016r.,18:52
Marszowicka,w dniu 1.XI.2016r.,19:52
Marszowicka,w dniu 1.XI.2016r.,20:39
Marszowicka,w dniu 1.XI.2016r.,21:39
Marszowicka,w dniu 1.XI.2016r.,22:39
Bojanowska,w dni robocze,04:29
Bojanowska,w dni robocze,05:24
Bojanowska,w dni robocze,05:54
Bojanowska,w dni robocze,06:26
Bojanowska,w dni robocze,06:56
Bojanowska,w dni robocze,07:26
Bojanowska,w dni robocze,07:56
Bojanowska,w dni robocze,08:26
Bojanowska,w dni robocze,08:56
Bojanowska,w dni robocze,09:26
Bojanowska,w dni robocze,09:56
Bojanowska,w dni robocze,10:26
Bojanowska,w dni robocze,10:56
Bojanowska,w dni robocze,11:26
Bojanowska,w dni robocze,11:56
Bojanowska,w dni robocze,12:26
Bojanowska,w dni robocze,12:56
Bojanowska,w dni robocze,13:26
Bojanowska,w dni robocze,13:56
Bojanowska,w dni robocze,14:26
Bojanowska,w dni robocze,14:56
Bojanowska,w dni robocze,15:26
Bojanowska,w dni robocze,15:56
Bojanowska,w dni robocze,16:26
Bojanowska,w dni robocze,16:56
Bojanowska,w dni robocze,17:26
Bojanowska,w dni robocze,17:56
Bojanowska,w dni robocze,18:26
Bojanowska,w dni robocze,18:56
Bojanowska,w dni robocze,19:26
Bojanowska,w dni robocze,19:56
Bojanowska,w dni robocze,20:55
Bojanowska,w dni robocze,21:40
Bojanowska,w dni robocze,22:40
Bojanowska,w dni wolne,05:54
Bojanowska,w dni wolne,06:52
Bojanowska,w dni wolne,07:52
Bojanowska,w dni wolne,08:52
Bojanowska,w dni wolne,09:53
Bojanowska,w dni wolne,10:53
Bojanowska,w dni wolne,11:53
Bojanowska,w dni wolne,12:53
Bojanowska,w dni wolne,13:53
Bojanowska,w dni wolne,14:53
Bojanowska,w dni wolne,15:53
Bojanowska,w dni wolne,16:53
Bojanowska,w dni wolne,17:53
Bojanowska,w dni wolne,18:53
Bojanowska,w dni wolne,19:53
Bojanowska,w dni wolne,20:40
Bojanowska,w dni wolne,21:40
Bojanowska,w dni wolne,22:40
Bojanowska,w dniu 1.XI.2016r.,05:54
Bojanowska,w dniu 1.XI.2016r.,06:52
Bojanowska,w dniu 1.XI.2016r.,07:52
Bojanowska,w dniu 1.XI.2016r.,08:52
Bojanowska,w dniu 1.XI.2016r.,09:23
Bojanowska,w dniu 1.XI.2016r.,09:38
Bojanowska,w dniu 1.XI.2016r.,09:53
Bojanowska,w dniu 1.XI.2016r.,10:08
Bojanowska,w dniu 1.XI.2016r.,10:23
Bojanowska,w dniu 1.XI.2016r.,10:38
Bojanowska,w dniu 1.XI.2016r.,10:53
Bojanowska,w dniu 1.XI.2016r.,11:08
Bojanowska,w dniu 1.XI.2016r.,11:23
Bojanowska,w dniu 1.XI.2016r.,11:38
Bojanowska,w dniu 1.XI.2016r.,11:53
Bojanowska,w dniu 1.XI.2016r.,12:08
Bojanowska,w dniu 1.XI.2016r.,12:23
Bojanowska,w dniu 1.XI.2016r.,12:38
Bojanowska,w dniu 1.XI.2016r.,12:53
Bojanowska,w dniu 1.XI.2016r.,13:08
Bojanowska,w dniu 1.XI.2016r.,13:23
Bojanowska,w dniu 1.XI.2016r.,13:38
Bojanowska,w dniu 1.XI.2016r.,13:53
Bojanowska,w dniu 1.XI.2016r.,14:08
Bojanowska,w dniu 1.XI.2016r.,14:23
Bojanowska,w dniu 1.XI.2016r.,14:38
Bojanowska,w dniu 1.XI.2016r.,14:53
Bojanowska,w dniu 1.XI.2016r.,15:08
Bojanowska,w dniu 1.XI.2016r.,15:23
Bojanowska,w dniu 1.XI.2016r.,15:38
Bojanowska,w dniu 1.XI.2016r.,15:53
Bojanowska,w dniu 1.XI.2016r.,16:08
Bojanowska,w dniu 1.XI.2016r.,16:23
Bojanowska,w dniu 1.XI.2016r.,16:38
Bojanowska,w dniu 1.XI.2016r.,16:53
Bojanowska,w dniu 1.XI.2016r.,17:08
Bojanowska,w dniu 1.XI.2016r.,17:31
Bojanowska,w dniu 1.XI.2016r.,17:53
Bojanowska,w dniu 1.XI.2016r.,18:53
Bojanowska,w dniu 1.XI.2016r.,19:53
Bojanowska,w dniu 1.XI.2016r.,20:40
Bojanowska,w dniu 1.XI.2016r.,21:40
Bojanowska,w dniu 1.XI.2016r.,22:40
Małomicka,w dni robocze,04:30
Małomicka,w dni robocze,05:25
Małomicka,w dni robocze,05:55
Małomicka,w dni robocze,06:27
Małomicka,w dni robocze,06:57
Małomicka,w dni robocze,07:27
Małomicka,w dni robocze,07:57
Małomicka,w dni robocze,08:27
Małomicka,w dni robocze,08:57
Małomicka,w dni robocze,09:27
Małomicka,w dni robocze,09:57
Małomicka,w dni robocze,10:27
Małomicka,w dni robocze,10:57
Małomicka,w dni robocze,11:27
Małomicka,w dni robocze,11:57
Małomicka,w dni robocze,12:27
Małomicka,w dni robocze,12:57
Małomicka,w dni robocze,13:27
Małomicka,w dni robocze,13:57
Małomicka,w dni robocze,14:27
Małomicka,w dni robocze,14:57
Małomicka,w dni robocze,15:27
Małomicka,w dni robocze,15:57
Małomicka,w dni robocze,16:27
Małomicka,w dni robocze,16:57
Małomicka,w dni robocze,17:27
Małomicka,w dni robocze,17:57
Małomicka,w dni robocze,18:27
Małomicka,w dni robocze,18:57
Małomicka,w dni robocze,19:27
Małomicka,w dni robocze,19:57
Małomicka,w dni robocze,20:56
Małomicka,w dni robocze,21:41
Małomicka,w dni robocze,22:41
Małomicka,w dni wolne,05:55
Małomicka,w dni wolne,06:53
Małomicka,w dni wolne,07:53
Małomicka,w dni wolne,08:53
Małomicka,w dni wolne,09:54
Małomicka,w dni wolne,10:54
Małomicka,w dni wolne,11:54
Małomicka,w dni wolne,12:54
Małomicka,w dni wolne,13:54
Małomicka,w dni wolne,14:54
Małomicka,w dni wolne,15:54
Małomicka,w dni wolne,16:54
Małomicka,w dni wolne,17:54
Małomicka,w dni wolne,18:54
Małomicka,w dni wolne,19:54
Małomicka,w dni wolne,20:41
Małomicka,w dni wolne,21:41
Małomicka,w dni wolne,22:41
Małomicka,w dniu 1.XI.2016r.,05:55
Małomicka,w dniu 1.XI.2016r.,06:53
Małomicka,w dniu 1.XI.2016r.,07:53
Małomicka,w dniu 1.XI.2016r.,08:53
Małomicka,w dniu 1.XI.2016r.,09:24
Małomicka,w dniu 1.XI.2016r.,09:39
Małomicka,w dniu 1.XI.2016r.,09:54
Małomicka,w dniu 1.XI.2016r.,10:09
Małomicka,w dniu 1.XI.2016r.,10:24
Małomicka,w dniu 1.XI.2016r.,10:39
Małomicka,w dniu 1.XI.2016r.,10:54
Małomicka,w dniu 1.XI.2016r.,11:09
Małomicka,w dniu 1.XI.2016r.,11:24
Małomicka,w dniu 1.XI.2016r.,11:39
Małomicka,w dniu 1.XI.2016r.,11:54
Małomicka,w dniu 1.XI.2016r.,12:09
Małomicka,w dniu 1.XI.2016r.,12:24
Małomicka,w dniu 1.XI.2016r.,12:39
Małomicka,w dniu 1.XI.2016r.,12:54
Małomicka,w dniu 1.XI.2016r.,13:09
Małomicka,w dniu 1.XI.2016r.,13:24
Małomicka,w dniu 1.XI.2016r.,13:39
Małomicka,w dniu 1.XI.2016r.,13:54
Małomicka,w dniu 1.XI.2016r.,14:09
Małomicka,w dniu 1.XI.2016r.,14:24
Małomicka,w dniu 1.XI.2016r.,14:39
Małomicka,w dniu 1.XI.2016r.,14:54
Małomicka,w dniu 1.XI.2016r.,15:09
Małomicka,w dniu 1.XI.2016r.,15:24
Małomicka,w dniu 1.XI.2016r.,15:39
Małomicka,w dniu 1.XI.2016r.,15:54
Małomicka,w dniu 1.XI.2016r.,16:09
Małomicka,w dniu 1.XI.2016r.,16:24
Małomicka,w dniu 1.XI.2016r.,16:39
Małomicka,w dniu 1.XI.2016r.,16:54
Małomicka,w dniu 1.XI.2016r.,17:09
Małomicka,w dniu 1.XI.2016r.,17:32
Małomicka,w dniu 1.XI.2016r.,17:54
Małomicka,w dniu 1.XI.2016r.,18:54
Małomicka,w dniu 1.XI.2016r.,19:54
Małomicka,w dniu 1.XI.2016r.,20:41
Małomicka,w dniu 1.XI.2016r.,21:41
Małomicka,w dniu 1.XI.2016r.,22:41
Marszowice,w dni robocze,04:31
Marszowice,w dni robocze,05:26
Marszowice,w dni robocze,05:56
Marszowice,w dni robocze,06:28
Marszowice,w dni robocze,06:58
Marszowice,w dni robocze,07:28
Marszowice,w dni robocze,07:58
Marszowice,w dni robocze,08:28
Marszowice,w dni robocze,08:58
Marszowice,w dni robocze,09:28
Marszowice,w dni robocze,09:58
Marszowice,w dni robocze,10:28
Marszowice,w dni robocze,10:58
Marszowice,w dni robocze,11:28
Marszowice,w dni robocze,11:58
Marszowice,w dni robocze,12:28
Marszowice,w dni robocze,12:58
Marszowice,w dni robocze,13:28
Marszowice,w dni robocze,13:58
Marszowice,w dni robocze,14:28
Marszowice,w dni robocze,14:58
Marszowice,w dni robocze,15:28
Marszowice,w dni robocze,15:58
Marszowice,w dni robocze,16:28
Marszowice,w dni robocze,16:58
Marszowice,w dni robocze,17:28
Marszowice,w dni robocze,17:58
Marszowice,w dni robocze,18:28
Marszowice,w dni robocze,18:58
Marszowice,w dni robocze,19:28
Marszowice,w dni robocze,19:58
Marszowice,w dni robocze,20:57
Marszowice,w dni robocze,21:42
Marszowice,w dni robocze,22:42
Marszowice,w dni wolne,05:56
Marszowice,w dni wolne,06:54
Marszowice,w dni wolne,07:54
Marszowice,w dni wolne,08:54
Marszowice,w dni wolne,09:55
Marszowice,w dni wolne,10:55
Marszowice,w dni wolne,11:55
Marszowice,w dni wolne,12:55
Marszowice,w dni wolne,13:55
Marszowice,w dni wolne,14:55
Marszowice,w dni wolne,15:55
Marszowice,w dni wolne,16:55
Marszowice,w dni wolne,17:55
Marszowice,w dni wolne,18:55
Marszowice,w dni wolne,19:55
Marszowice,w dni wolne,20:42
Marszowice,w dni wolne,21:42
Marszowice,w dni wolne,22:42
Marszowice,w dniu 1.XI.2016r.,05:56
Marszowice,w dniu 1.XI.2016r.,06:54
Marszowice,w dniu 1.XI.2016r.,07:54
Marszowice,w dniu 1.XI.2016r.,08:54
Marszowice,w dniu 1.XI.2016r.,09:25
Marszowice,w dniu 1.XI.2016r.,09:40
Marszowice,w dniu 1.XI.2016r.,09:55
Marszowice,w dniu 1.XI.2016r.,10:10
Marszowice,w dniu 1.XI.2016r.,10:25
Marszowice,w dniu 1.XI.2016r.,10:40
Marszowice,w dniu 1.XI.2016r.,10:55
Marszowice,w dniu 1.XI.2016r.,11:10
Marszowice,w dniu 1.XI.2016r.,11:25
Marszowice,w dniu 1.XI.2016r.,11:40
Marszowice,w dniu 1.XI.2016r.,11:55
Marszowice,w dniu 1.XI.2016r.,12:10
Marszowice,w dniu 1.XI.2016r.,12:25
Marszowice,w dniu 1.XI.2016r.,12:40
Marszowice,w dniu 1.XI.2016r.,12:55
Marszowice,w dniu 1.XI.2016r.,13:10
Marszowice,w dniu 1.XI.2016r.,13:25
Marszowice,w dniu 1.XI.2016r.,13:40
Marszowice,w dniu 1.XI.2016r.,13:55
Marszowice,w dniu 1.XI.2016r.,14:10
Marszowice,w dniu 1.XI.2016r.,14:25
Marszowice,w dniu 1.XI.2016r.,14:40
Marszowice,w dniu 1.XI.2016r.,14:55
Marszowice,w dniu 1.XI.2016r.,15:10
Marszowice,w dniu 1.XI.2016r.,15:25
Marszowice,w dniu 1.XI.2016r.,15:40
Marszowice,w dniu 1.XI.2016r.,15:55
Marszowice,w dniu 1.XI.2016r.,16:10
Marszowice,w dniu 1.XI.2016r.,16:25
Marszowice,w dniu 1.XI.2016r.,16:40
Marszowice,w dniu 1.XI.2016r.,16:55
Marszowice,w dniu 1.XI.2016r.,17:10
Marszowice,w dniu 1.XI.2016r.,17:33
Marszowice,w dniu 1.XI.2016r.,17:55
Marszowice,w dniu 1.XI.2016r.,18:55
Marszowice,w dniu 1.XI.2016r.,19:55
Marszowice,w dniu 1.XI.2016r.,20:42
Marszowice,w dniu 1.XI.2016r.,21:42
Marszowice,w dniu 1.XI.2016r.,22:42
Główna,w dni robocze,04:32
Główna,w dni robocze,05:27
Główna,w dni robocze,05:57
Główna,w dni robocze,06:29
Główna,w dni robocze,06:59
Główna,w dni robocze,07:29
Główna,w dni robocze,07:59
Główna,w dni robocze,08:29
Główna,w dni robocze,08:59
Główna,w dni robocze,09:29
Główna,w dni robocze,09:59
Główna,w dni robocze,10:29
Główna,w dni robocze,10:59
Główna,w dni robocze,11:29
Główna,w dni robocze,11:59
Główna,w dni robocze,12:29
Główna,w dni robocze,12:59
Główna,w dni robocze,13:29
Główna,w dni robocze,13:59
Główna,w dni robocze,14:29
Główna,w dni robocze,14:59
Główna,w dni robocze,15:29
Główna,w dni robocze,15:59
Główna,w dni robocze,16:29
Główna,w dni robocze,16:59
Główna,w dni robocze,17:29
Główna,w dni robocze,17:59
Główna,w dni robocze,18:29
Główna,w dni robocze,18:59
Główna,w dni robocze,19:29
Główna,w dni robocze,19:59
Główna,w dni robocze,20:58
Główna,w dni robocze,21:43
Główna,w dni robocze,22:43
Główna,w dni wolne,05:57
Główna,w dni wolne,06:55
Główna,w dni wolne,07:55
Główna,w dni wolne,08:55
Główna,w dni wolne,09:56
Główna,w dni wolne,10:56
Główna,w dni wolne,11:56
Główna,w dni wolne,12:56
Główna,w dni wolne,13:56
Główna,w dni wolne,14:56
Główna,w dni wolne,15:56
Główna,w dni wolne,16:56
Główna,w dni wolne,17:56
Główna,w dni wolne,18:56
Główna,w dni wolne,19:56
Główna,w dni wolne,20:43
Główna,w dni wolne,21:43
Główna,w dni wolne,22:43
Główna,w dniu 1.XI.2016r.,05:57
Główna,w dniu 1.XI.2016r.,06:55
Główna,w dniu 1.XI.2016r.,07:55
Główna,w dniu 1.XI.2016r.,08:55
Główna,w dniu 1.XI.2016r.,09:26
Główna,w dniu 1.XI.2016r.,09:41
Główna,w dniu 1.XI.2016r.,09:56
Główna,w dniu 1.XI.2016r.,10:11
Główna,w dniu 1.XI.2016r.,10:26
Główna,w dniu 1.XI.2016r.,10:41
Główna,w dniu 1.XI.2016r.,10:56
Główna,w dniu 1.XI.2016r.,11:11
Główna,w dniu 1.XI.2016r.,11:26
Główna,w dniu 1.XI.2016r.,11:41
Główna,w dniu 1.XI.2016r.,11:56
Główna,w dniu 1.XI.2016r.,12:11
Główna,w dniu 1.XI.2016r.,12:26
Główna,w dniu 1.XI.2016r.,12:41
Główna,w dniu 1.XI.2016r.,12:56
Główna,w dniu 1.XI.2016r.,13:11
Główna,w dniu 1.XI.2016r.,13:26
Główna,w dniu 1.XI.2016r.,13:41
Główna,w dniu 1.XI.2016r.,13:56
Główna,w dniu 1.XI.2016r.,14:11
Główna,w dniu 1.XI.2016r.,14:26
Główna,w dniu 1.XI.2016r.,14:41
Główna,w dniu 1.XI.2016r.,14:56
Główna,w dniu 1.XI.2016r.,15:11
Główna,w dniu 1.XI.2016r.,15:26
Główna,w dniu 1.XI.2016r.,15:41
Główna,w dniu 1.XI.2016r.,15:56
Główna,w dniu 1.XI.2016r.,16:11
Główna,w dniu 1.XI.2016r.,16:26
Główna,w dniu 1.XI.2016r.,16:41
Główna,w dniu 1.XI.2016r.,16:56
Główna,w dniu 1.XI.2016r.,17:11
Główna,w dniu 1.XI.2016r.,17:34
Główna,w dniu 1.XI.2016r.,17:56
Główna,w dniu 1.XI.2016r.,18:56
Główna,w dniu 1.XI.2016r.,19:56
Główna,w dniu 1.XI.2016r.,20:43
Główna,w dniu 1.XI.2016r.,21:43
Główna,w dniu 1.XI.2016r.,22:43
STABŁOWICKA (Ośrodek zdrowia),w dni robocze,04:33
STABŁOWICKA (Ośrodek zdrowia),w dni robocze,05:28
STABŁOWICKA (Ośrodek zdrowia),w dni robocze,05:58
STABŁOWICKA (Ośrodek zdrowia),w dni robocze,06:30
STABŁOWICKA (Ośrodek zdrowia),w dni robocze,07:00
STABŁOWICKA (Ośrodek zdrowia),w dni robocze,07:30
STABŁOWICKA (Ośrodek zdrowia),w dni robocze,08:00
STABŁOWICKA (Ośrodek zdrowia),w dni robocze,08:30
STABŁOWICKA (Ośrodek zdrowia),w dni robocze,09:00
STABŁOWICKA (Ośrodek zdrowia),w dni robocze,09:30
STABŁOWICKA (Ośrodek zdrowia),w dni robocze,10:00
STABŁOWICKA (Ośrodek zdrowia),w dni robocze,10:30
STABŁOWICKA (Ośrodek zdrowia),w dni robocze,11:00
STABŁOWICKA (Ośrodek zdrowia),w dni robocze,11:30
STABŁOWICKA (Ośrodek zdrowia),w dni robocze,12:00
STABŁOWICKA (Ośrodek zdrowia),w dni robocze,12:30
STABŁOWICKA (Ośrodek zdrowia),w dni robocze,13:00
STABŁOWICKA (Ośrodek zdrowia),w dni robocze,13:30
STABŁOWICKA (Ośrodek zdrowia),w dni robocze,14:00
STABŁOWICKA (Ośrodek zdrowia),w dni robocze,14:30
STABŁOWICKA (Ośrodek zdrowia),w dni robocze,15:00
STABŁOWICKA (Ośrodek zdrowia),w dni robocze,15:30
STABŁOWICKA (Ośrodek zdrowia),w dni robocze,16:00
STABŁOWICKA (Ośrodek zdrowia),w dni robocze,16:30
STABŁOWICKA (Ośrodek zdrowia),w dni robocze,17:00
STABŁOWICKA (Ośrodek zdrowia),w dni robocze,17:30
STABŁOWICKA (Ośrodek zdrowia),w dni robocze,18:00
STABŁOWICKA (Ośrodek zdrowia),w dni robocze,18:30
STABŁOWICKA (Ośrodek zdrowia),w dni robocze,19:00
STABŁOWICKA (Ośrodek zdrowia),w dni robocze,19:30
STABŁOWICKA (Ośrodek zdrowia),w dni robocze,20:00
STABŁOWICKA (Ośrodek zdrowia),w dni robocze,20:59
STABŁOWICKA (Ośrodek zdrowia),w dni robocze,21:44
STABŁOWICKA (Ośrodek zdrowia),w dni robocze,22:44
STABŁOWICKA (Ośrodek zdrowia),w dni wolne,05:58
STABŁOWICKA (Ośrodek zdrowia),w dni wolne,06:56
STABŁOWICKA (Ośrodek zdrowia),w dni wolne,07:56
STABŁOWICKA (Ośrodek zdrowia),w dni wolne,08:56
STABŁOWICKA (Ośrodek zdrowia),w dni wolne,09:57
STABŁOWICKA (Ośrodek zdrowia),w dni wolne,10:57
STABŁOWICKA (Ośrodek zdrowia),w dni wolne,11:57
STABŁOWICKA (Ośrodek zdrowia),w dni wolne,12:57
STABŁOWICKA (Ośrodek zdrowia),w dni wolne,13:57
STABŁOWICKA (Ośrodek zdrowia),w dni wolne,14:57
STABŁOWICKA (Ośrodek zdrowia),w dni wolne,15:57
STABŁOWICKA (Ośrodek zdrowia),w dni wolne,16:57
STABŁOWICKA (Ośrodek zdrowia),w dni wolne,17:57
STABŁOWICKA (Ośrodek zdrowia),w dni wolne,18:57
STABŁOWICKA (Ośrodek zdrowia),w dni wolne,19:57
STABŁOWICKA (Ośrodek zdrowia),w dni wolne,20:44
STABŁOWICKA (Ośrodek zdrowia),w dni wolne,21:44
STABŁOWICKA (Ośrodek zdrowia),w dni wolne,22:44
STABŁOWICKA (Ośrodek zdrowia),w dniu 1.XI.2016r.,05:58
STABŁOWICKA (Ośrodek zdrowia),w dniu 1.XI.2016r.,06:56
STABŁOWICKA (Ośrodek zdrowia),w dniu 1.XI.2016r.,07:56
STABŁOWICKA (Ośrodek zdrowia),w dniu 1.XI.2016r.,08:56
STABŁOWICKA (Ośrodek zdrowia),w dniu 1.XI.2016r.,09:27
STABŁOWICKA (Ośrodek zdrowia),w dniu 1.XI.2016r.,09:42
STABŁOWICKA (Ośrodek zdrowia),w dniu 1.XI.2016r.,09:57
STABŁOWICKA (Ośrodek zdrowia),w dniu 1.XI.2016r.,10:12
STABŁOWICKA (Ośrodek zdrowia),w dniu 1.XI.2016r.,10:27
STABŁOWICKA (Ośrodek zdrowia),w dniu 1.XI.2016r.,10:42
STABŁOWICKA (Ośrodek zdrowia),w dniu 1.XI.2016r.,10:57
STABŁOWICKA (Ośrodek zdrowia),w dniu 1.XI.2016r.,11:12
STABŁOWICKA (Ośrodek zdrowia),w dniu 1.XI.2016r.,11:27
STABŁOWICKA (Ośrodek zdrowia),w dniu 1.XI.2016r.,11:42
STABŁOWICKA (Ośrodek zdrowia),w dniu 1.XI.2016r.,11:57
STABŁOWICKA (Ośrodek zdrowia),w dniu 1.XI.2016r.,12:12
STABŁOWICKA (Ośrodek zdrowia),w dniu 1.XI.2016r.,12:27
STABŁOWICKA (Ośrodek zdrowia),w dniu 1.XI.2016r.,12:42
STABŁOWICKA (Ośrodek zdrowia),w dniu 1.XI.2016r.,12:57
STABŁOWICKA (Ośrodek zdrowia),w dniu 1.XI.2016r.,13:12
STABŁOWICKA (Ośrodek zdrowia),w dniu 1.XI.2016r.,13:27
STABŁOWICKA (Ośrodek zdrowia),w dniu 1.XI.2016r.,13:42
STABŁOWICKA (Ośrodek zdrowia),w dniu 1.XI.2016r.,13:57
STABŁOWICKA (Ośrodek zdrowia),w dniu 1.XI.2016r.,14:12
STABŁOWICKA (Ośrodek zdrowia),w dniu 1.XI.2016r.,14:27
STABŁOWICKA (Ośrodek zdrowia),w dniu 1.XI.2016r.,14:42
STABŁOWICKA (Ośrodek zdrowia),w dniu 1.XI.2016r.,14:57
STABŁOWICKA (Ośrodek zdrowia),w dniu 1.XI.2016r.,15:12
STABŁOWICKA (Ośrodek zdrowia),w dniu 1.XI.2016r.,15:27
STABŁOWICKA (Ośrodek zdrowia),w dniu 1.XI.2016r.,15:42
STABŁOWICKA (Ośrodek zdrowia),w dniu 1.XI.2016r.,15:57
STABŁOWICKA (Ośrodek zdrowia),w dniu 1.XI.2016r.,16:12
STABŁOWICKA (Ośrodek zdrowia),w dniu 1.XI.2016r.,16:27
STABŁOWICKA (Ośrodek zdrowia),w dniu 1.XI.2016r.,16:42
STABŁOWICKA (Ośrodek zdrowia),w dniu 1.XI.2016r.,16:57
STABŁOWICKA (Ośrodek zdrowia),w dniu 1.XI.2016r.,17:12
STABŁOWICKA (Ośrodek zdrowia),w dniu 1.XI.2016r.,17:35
STABŁOWICKA (Ośrodek zdrowia),w dniu 1.XI.2016r.,17:57
STABŁOWICKA (Ośrodek zdrowia),w dniu 1.XI.2016r.,18:57
STABŁOWICKA (Ośrodek zdrowia),w dniu 1.XI.2016r.,19:57
STABŁOWICKA (Ośrodek zdrowia),w dniu 1.XI.2016r.,20:44
STABŁOWICKA (Ośrodek zdrowia),w dniu 1.XI.2016r.,21:44
STABŁOWICKA (Ośrodek zdrowia),w dniu 1.XI.2016r.,22:44
Stabłowicka (Szkoła Podstawowa nr 22),w dni robocze,04:34
Stabłowicka (Szkoła Podstawowa nr 22),w dni robocze,05:29
Stabłowicka (Szkoła Podstawowa nr 22),w dni robocze,05:59
Stabłowicka (Szkoła Podstawowa nr 22),w dni robocze,06:31
Stabłowicka (Szkoła Podstawowa nr 22),w dni robocze,07:01
Stabłowicka (Szkoła Podstawowa nr 22),w dni robocze,07:31
Stabłowicka (Szkoła Podstawowa nr 22),w dni robocze,08:01
Stabłowicka (Szkoła Podstawowa nr 22),w dni robocze,08:31
Stabłowicka (Szkoła Podstawowa nr 22),w dni robocze,09:01
Stabłowicka (Szkoła Podstawowa nr 22),w dni robocze,09:31
Stabłowicka (Szkoła Podstawowa nr 22),w dni robocze,10:01
Stabłowicka (Szkoła Podstawowa nr 22),w dni robocze,10:31
Stabłowicka (Szkoła Podstawowa nr 22),w dni robocze,11:01
Stabłowicka (Szkoła Podstawowa nr 22),w dni robocze,11:31
Stabłowicka (Szkoła Podstawowa nr 22),w dni robocze,12:01
Stabłowicka (Szkoła Podstawowa nr 22),w dni robocze,12:31
Stabłowicka (Szkoła Podstawowa nr 22),w dni robocze,13:01
Stabłowicka (Szkoła Podstawowa nr 22),w dni robocze,13:31
Stabłowicka (Szkoła Podstawowa nr 22),w dni robocze,14:01
Stabłowicka (Szkoła Podstawowa nr 22),w dni robocze,14:31
Stabłowicka (Szkoła Podstawowa nr 22),w dni robocze,15:01
Stabłowicka (Szkoła Podstawowa nr 22),w dni robocze,15:31
Stabłowicka (Szkoła Podstawowa nr 22),w dni robocze,16:01
Stabłowicka (Szkoła Podstawowa nr 22),w dni robocze,16:31
Stabłowicka (Szkoła Podstawowa nr 22),w dni robocze,17:01
Stabłowicka (Szkoła Podstawowa nr 22),w dni robocze,17:31
Stabłowicka (Szkoła Podstawowa nr 22),w dni robocze,18:01
Stabłowicka (Szkoła Podstawowa nr 22),w dni robocze,18:31
Stabłowicka (Szkoła Podstawowa nr 22),w dni robocze,19:01
Stabłowicka (Szkoła Podstawowa nr 22),w dni robocze,19:31
Stabłowicka (Szkoła Podstawowa nr 22),w dni robocze,20:01
Stabłowicka (Szkoła Podstawowa nr 22),w dni robocze,21:00
Stabłowicka (Szkoła Podstawowa nr 22),w dni robocze,21:45
Stabłowicka (Szkoła Podstawowa nr 22),w dni robocze,22:45
Stabłowicka (Szkoła Podstawowa nr 22),w dni wolne,05:59
Stabłowicka (Szkoła Podstawowa nr 22),w dni wolne,06:57
Stabłowicka (Szkoła Podstawowa nr 22),w dni wolne,07:57
Stabłowicka (Szkoła Podstawowa nr 22),w dni wolne,08:57
Stabłowicka (Szkoła Podstawowa nr 22),w dni wolne,09:58
Stabłowicka (Szkoła Podstawowa nr 22),w dni wolne,10:58
Stabłowicka (Szkoła Podstawowa nr 22),w dni wolne,11:58
Stabłowicka (Szkoła Podstawowa nr 22),w dni wolne,12:58
Stabłowicka (Szkoła Podstawowa nr 22),w dni wolne,13:58
Stabłowicka (Szkoła Podstawowa nr 22),w dni wolne,14:58
Stabłowicka (Szkoła Podstawowa nr 22),w dni wolne,15:58
Stabłowicka (Szkoła Podstawowa nr 22),w dni wolne,16:58
Stabłowicka (Szkoła Podstawowa nr 22),w dni wolne,17:58
Stabłowicka (Szkoła Podstawowa nr 22),w dni wolne,18:58
Stabłowicka (Szkoła Podstawowa nr 22),w dni wolne,19:58
Stabłowicka (Szkoła Podstawowa nr 22),w dni wolne,20:45
Stabłowicka (Szkoła Podstawowa nr 22),w dni wolne,21:45
Stabłowicka (Szkoła Podstawowa nr 22),w dni wolne,22:45
Stabłowicka (Szkoła Podstawowa nr 22),w dniu 1.XI.2016r.,05:59
Stabłowicka (Szkoła Podstawowa nr 22),w dniu 1.XI.2016r.,06:57
Stabłowicka (Szkoła Podstawowa nr 22),w dniu 1.XI.2016r.,07:57
Stabłowicka (Szkoła Podstawowa nr 22),w dniu 1.XI.2016r.,08:57
Stabłowicka (Szkoła Podstawowa nr 22),w dniu 1.XI.2016r.,09:28
Stabłowicka (Szkoła Podstawowa nr 22),w dniu 1.XI.2016r.,09:43
Stabłowicka (Szkoła Podstawowa nr 22),w dniu 1.XI.2016r.,09:58
Stabłowicka (Szkoła Podstawowa nr 22),w dniu 1.XI.2016r.,10:13
Stabłowicka (Szkoła Podstawowa nr 22),w dniu 1.XI.2016r.,10:28
Stabłowicka (Szkoła Podstawowa nr 22),w dniu 1.XI.2016r.,10:43
Stabłowicka (Szkoła Podstawowa nr 22),w dniu 1.XI.2016r.,10:58
Stabłowicka (Szkoła Podstawowa nr 22),w dniu 1.XI.2016r.,11:13
Stabłowicka (Szkoła Podstawowa nr 22),w dniu 1.XI.2016r.,11:28
Stabłowicka (Szkoła Podstawowa nr 22),w dniu 1.XI.2016r.,11:43
Stabłowicka (Szkoła Podstawowa nr 22),w dniu 1.XI.2016r.,11:58
Stabłowicka (Szkoła Podstawowa nr 22),w dniu 1.XI.2016r.,12:13
Stabłowicka (Szkoła Podstawowa nr 22),w dniu 1.XI.2016r.,12:28
Stabłowicka (Szkoła Podstawowa nr 22),w dniu 1.XI.2016r.,12:43
Stabłowicka (Szkoła Podstawowa nr 22),w dniu 1.XI.2016r.,12:58
Stabłowicka (Szkoła Podstawowa nr 22),w dniu 1.XI.2016r.,13:13
Stabłowicka (Szkoła Podstawowa nr 22),w dniu 1.XI.2016r.,13:28
Stabłowicka (Szkoła Podstawowa nr 22),w dniu 1.XI.2016r.,13:43
Stabłowicka (Szkoła Podstawowa nr 22),w dniu 1.XI.2016r.,13:58
Stabłowicka (Szkoła Podstawowa nr 22),w dniu 1.XI.2016r.,14:13
Stabłowicka (Szkoła Podstawowa nr 22),w dniu 1.XI.2016r.,14:28
Stabłowicka (Szkoła Podstawowa nr 22),w dniu 1.XI.2016r.,14:43
Stabłowicka (Szkoła Podstawowa nr 22),w dniu 1.XI.2016r.,14:58
Stabłowicka (Szkoła Podstawowa nr 22),w dniu 1.XI.2016r.,15:13
Stabłowicka (Szkoła Podstawowa nr 22),w dniu 1.XI.2016r.,15:28
Stabłowicka (Szkoła Podstawowa nr 22),w dniu 1.XI.2016r.,15:43
Stabłowicka (Szkoła Podstawowa nr 22),w dniu 1.XI.2016r.,15:58
Stabłowicka (Szkoła Podstawowa nr 22),w dniu 1.XI.2016r.,16:13
Stabłowicka (Szkoła Podstawowa nr 22),w dniu 1.XI.2016r.,16:28
Stabłowicka (Szkoła Podstawowa nr 22),w dniu 1.XI.2016r.,16:43
Stabłowicka (Szkoła Podstawowa nr 22),w dniu 1.XI.2016r.,16:58
Stabłowicka (Szkoła Podstawowa nr 22),w dniu 1.XI.2016r.,17:13
Stabłowicka (Szkoła Podstawowa nr 22),w dniu 1.XI.2016r.,17:36
Stabłowicka (Szkoła Podstawowa nr 22),w dniu 1.XI.2016r.,17:58
Stabłowicka (Szkoła Podstawowa nr 22),w dniu 1.XI.2016r.,18:58
Stabłowicka (Szkoła Podstawowa nr 22),w dniu 1.XI.2016r.,19:58
Stabłowicka (Szkoła Podstawowa nr 22),w dniu 1.XI.2016r.,20:45
Stabłowicka (Szkoła Podstawowa nr 22),w dniu 1.XI.2016r.,21:45
Stabłowicka (Szkoła Podstawowa nr 22),w dniu 1.XI.2016r.,22:45
PRACZE ODRZAŃSKIE (Stacja kolejowa),w dni robocze,04:34
PRACZE ODRZAŃSKIE (Stacja kolejowa),w dni robocze,05:29
PRACZE ODRZAŃSKIE (Stacja kolejowa),w dni robocze,05:59
PRACZE ODRZAŃSKIE (Stacja kolejowa),w dni robocze,06:31
PRACZE ODRZAŃSKIE (Stacja kolejowa),w dni robocze,07:01
PRACZE ODRZAŃSKIE (Stacja kolejowa),w dni robocze,07:31
PRACZE ODRZAŃSKIE (Stacja kolejowa),w dni robocze,08:01
PRACZE ODRZAŃSKIE (Stacja kolejowa),w dni robocze,08:31
PRACZE ODRZAŃSKIE (Stacja kolejowa),w dni robocze,09:01
PRACZE ODRZAŃSKIE (Stacja kolejowa),w dni robocze,09:31
PRACZE ODRZAŃSKIE (Stacja kolejowa),w dni robocze,10:01
PRACZE ODRZAŃSKIE (Stacja kolejowa),w dni robocze,10:31
PRACZE ODRZAŃSKIE (Stacja kolejowa),w dni robocze,11:01
PRACZE ODRZAŃSKIE (Stacja kolejowa),w dni robocze,11:31
PRACZE ODRZAŃSKIE (Stacja kolejowa),w dni robocze,12:01
PRACZE ODRZAŃSKIE (Stacja kolejowa),w dni robocze,12:31
PRACZE ODRZAŃSKIE (Stacja kolejowa),w dni robocze,13:01
PRACZE ODRZAŃSKIE (Stacja kolejowa),w dni robocze,13:31
PRACZE ODRZAŃSKIE (Stacja kolejowa),w dni robocze,14:01
PRACZE ODRZAŃSKIE (Stacja kolejowa),w dni robocze,14:31
PRACZE ODRZAŃSKIE (Stacja kolejowa),w dni robocze,15:01
PRACZE ODRZAŃSKIE (Stacja kolejowa),w dni robocze,15:31
PRACZE ODRZAŃSKIE (Stacja kolejowa),w dni robocze,16:01
PRACZE ODRZAŃSKIE (Stacja kolejowa),w dni robocze,16:31
PRACZE ODRZAŃSKIE (Stacja kolejowa),w dni robocze,17:01
PRACZE ODRZAŃSKIE (Stacja kolejowa),w dni robocze,17:31
PRACZE ODRZAŃSKIE (Stacja kolejowa),w dni robocze,18:01
PRACZE ODRZAŃSKIE (Stacja kolejowa),w dni robocze,18:31
PRACZE ODRZAŃSKIE (Stacja kolejowa),w dni robocze,19:01
PRACZE ODRZAŃSKIE (Stacja kolejowa),w dni robocze,19:31
PRACZE ODRZAŃSKIE (Stacja kolejowa),w dni robocze,20:01
PRACZE ODRZAŃSKIE (Stacja kolejowa),w dni robocze,21:00
PRACZE ODRZAŃSKIE (Stacja kolejowa),w dni robocze,21:45
PRACZE ODRZAŃSKIE (Stacja kolejowa),w dni robocze,22:45
PRACZE ODRZAŃSKIE (Stacja kolejowa),w dni wolne,05:59
PRACZE ODRZAŃSKIE (Stacja kolejowa),w dni wolne,06:57
PRACZE ODRZAŃSKIE (Stacja kolejowa),w dni wolne,07:57
PRACZE ODRZAŃSKIE (Stacja kolejowa),w dni wolne,08:57
PRACZE ODRZAŃSKIE (Stacja kolejowa),w dni wolne,09:58
PRACZE ODRZAŃSKIE (Stacja kolejowa),w dni wolne,10:58
PRACZE ODRZAŃSKIE (Stacja kolejowa),w dni wolne,11:58
PRACZE ODRZAŃSKIE (Stacja kolejowa),w dni wolne,12:58
PRACZE ODRZAŃSKIE (Stacja kolejowa),w dni wolne,13:58
PRACZE ODRZAŃSKIE (Stacja kolejowa),w dni wolne,14:58
PRACZE ODRZAŃSKIE (Stacja kolejowa),w dni wolne,15:58
PRACZE ODRZAŃSKIE (Stacja kolejowa),w dni wolne,16:58
PRACZE ODRZAŃSKIE (Stacja kolejowa),w dni wolne,17:58
PRACZE ODRZAŃSKIE (Stacja kolejowa),w dni wolne,18:58
PRACZE ODRZAŃSKIE (Stacja kolejowa),w dni wolne,19:58
PRACZE ODRZAŃSKIE (Stacja kolejowa),w dni wolne,20:45
PRACZE ODRZAŃSKIE (Stacja kolejowa),w dni wolne,21:45
PRACZE ODRZAŃSKIE (Stacja kolejowa),w dni wolne,22:45
PRACZE ODRZAŃSKIE (Stacja kolejowa),w dniu 1.XI.2016r.,05:59
PRACZE ODRZAŃSKIE (Stacja kolejowa),w dniu 1.XI.2016r.,06:57
PRACZE ODRZAŃSKIE (Stacja kolejowa),w dniu 1.XI.2016r.,07:57
PRACZE ODRZAŃSKIE (Stacja kolejowa),w dniu 1.XI.2016r.,08:57
PRACZE ODRZAŃSKIE (Stacja kolejowa),w dniu 1.XI.2016r.,09:28
PRACZE ODRZAŃSKIE (Stacja kolejowa),w dniu 1.XI.2016r.,09:43
PRACZE ODRZAŃSKIE (Stacja kolejowa),w dniu 1.XI.2016r.,09:58
PRACZE ODRZAŃSKIE (Stacja kolejowa),w dniu 1.XI.2016r.,10:13
PRACZE ODRZAŃSKIE (Stacja kolejowa),w dniu 1.XI.2016r.,10:28
PRACZE ODRZAŃSKIE (Stacja kolejowa),w dniu 1.XI.2016r.,10:43
PRACZE ODRZAŃSKIE (Stacja kolejowa),w dniu 1.XI.2016r.,10:58
PRACZE ODRZAŃSKIE (Stacja kolejowa),w dniu 1.XI.2016r.,11:13
PRACZE ODRZAŃSKIE (Stacja kolejowa),w dniu 1.XI.2016r.,11:28
PRACZE ODRZAŃSKIE (Stacja kolejowa),w dniu 1.XI.2016r.,11:43
PRACZE ODRZAŃSKIE (Stacja kolejowa),w dniu 1.XI.2016r.,11:58
PRACZE ODRZAŃSKIE (Stacja kolejowa),w dniu 1.XI.2016r.,12:13
PRACZE ODRZAŃSKIE (Stacja kolejowa),w dniu 1.XI.2016r.,12:28
PRACZE ODRZAŃSKIE (Stacja kolejowa),w dniu 1.XI.2016r.,12:43
PRACZE ODRZAŃSKIE (Stacja kolejowa),w dniu 1.XI.2016r.,12:58
PRACZE ODRZAŃSKIE (Stacja kolejowa),w dniu 1.XI.2016r.,13:13
PRACZE ODRZAŃSKIE (Stacja kolejowa),w dniu 1.XI.2016r.,13:28
PRACZE ODRZAŃSKIE (Stacja kolejowa),w dniu 1.XI.2016r.,13:43
PRACZE ODRZAŃSKIE (Stacja kolejowa),w dniu 1.XI.2016r.,13:58
PRACZE ODRZAŃSKIE (Stacja kolejowa),w dniu 1.XI.2016r.,14:13
PRACZE ODRZAŃSKIE (Stacja kolejowa),w dniu 1.XI.2016r.,14:28
PRACZE ODRZAŃSKIE (Stacja kolejowa),w dniu 1.XI.2016r.,14:43
PRACZE ODRZAŃSKIE (Stacja kolejowa),w dniu 1.XI.2016r.,14:58
PRACZE ODRZAŃSKIE (Stacja kolejowa),w dniu 1.XI.2016r.,15:13
PRACZE ODRZAŃSKIE (Stacja kolejowa),w dniu 1.XI.2016r.,15:28
PRACZE ODRZAŃSKIE (Stacja kolejowa),w dniu 1.XI.2016r.,15:43
PRACZE ODRZAŃSKIE (Stacja kolejowa),w dniu 1.XI.2016r.,15:58
PRACZE ODRZAŃSKIE (Stacja kolejowa),w dniu 1.XI.2016r.,16:13
PRACZE ODRZAŃSKIE (Stacja kolejowa),w dniu 1.XI.2016r.,16:28
PRACZE ODRZAŃSKIE (Stacja kolejowa),w dniu 1.XI.2016r.,16:43
PRACZE ODRZAŃSKIE (Stacja kolejowa),w dniu 1.XI.2016r.,16:58
PRACZE ODRZAŃSKIE (Stacja kolejowa),w dniu 1.XI.2016r.,17:13
PRACZE ODRZAŃSKIE (Stacja kolejowa),w dniu 1.XI.2016r.,17:36
PRACZE ODRZAŃSKIE (Stacja kolejowa),w dniu 1.XI.2016r.,17:58
PRACZE ODRZAŃSKIE (Stacja kolejowa),w dniu 1.XI.2016r.,18:58
PRACZE ODRZAŃSKIE (Stacja kolejowa),w dniu 1.XI.2016r.,19:58
PRACZE ODRZAŃSKIE (Stacja kolejowa),w dniu 1.XI.2016r.,20:45
PRACZE ODRZAŃSKIE (Stacja kolejowa),w dniu 1.XI.2016r.,21:45
PRACZE ODRZAŃSKIE (Stacja kolejowa),w dniu 1.XI.2016r.,22:45
PRACZE ODRZAŃSKIE,w dni robocze,04:45
PRACZE ODRZAŃSKIE,w dni robocze,05:35
PRACZE ODRZAŃSKIE,w dni robocze,06:05
PRACZE ODRZAŃSKIE,w dni robocze,06:35
PRACZE ODRZAŃSKIE,w dni robocze,07:05
PRACZE ODRZAŃSKIE,w dni robocze,07:35
PRACZE ODRZAŃSKIE,w dni robocze,08:05
PRACZE ODRZAŃSKIE,w dni robocze,08:35
PRACZE ODRZAŃSKIE,w dni robocze,09:05
PRACZE ODRZAŃSKIE,w dni robocze,09:35
PRACZE ODRZAŃSKIE,w dni robocze,10:05
PRACZE ODRZAŃSKIE,w dni robocze,10:35
PRACZE ODRZAŃSKIE,w dni robocze,11:05
PRACZE ODRZAŃSKIE,w dni robocze,11:35
PRACZE ODRZAŃSKIE,w dni robocze,12:05
PRACZE ODRZAŃSKIE,w dni robocze,12:35
PRACZE ODRZAŃSKIE,w dni robocze,13:05
PRACZE ODRZAŃSKIE,w dni robocze,13:35
PRACZE ODRZAŃSKIE,w dni robocze,14:05
PRACZE ODRZAŃSKIE,w dni robocze,14:35
PRACZE ODRZAŃSKIE,w dni robocze,15:05
PRACZE ODRZAŃSKIE,w dni robocze,15:35
PRACZE ODRZAŃSKIE,w dni robocze,16:05
PRACZE ODRZAŃSKIE,w dni robocze,16:35
PRACZE ODRZAŃSKIE,w dni robocze,17:05
PRACZE ODRZAŃSKIE,w dni robocze,17:35
PRACZE ODRZAŃSKIE,w dni robocze,18:05
PRACZE ODRZAŃSKIE,w dni robocze,18:35
PRACZE ODRZAŃSKIE,w dni robocze,19:05
PRACZE ODRZAŃSKIE,w dni robocze,19:35
PRACZE ODRZAŃSKIE,w dni robocze,20:05
PRACZE ODRZAŃSKIE,w dni robocze,21:05
PRACZE ODRZAŃSKIE,w dni robocze,21:50
PRACZE ODRZAŃSKIE,w dni robocze,22:50
PRACZE ODRZAŃSKIE,w dni wolne,06:05
PRACZE ODRZAŃSKIE,w dni wolne,07:00
PRACZE ODRZAŃSKIE,w dni wolne,08:00
PRACZE ODRZAŃSKIE,w dni wolne,09:00
PRACZE ODRZAŃSKIE,w dni wolne,10:00
PRACZE ODRZAŃSKIE,w dni wolne,11:00
PRACZE ODRZAŃSKIE,w dni wolne,12:00
PRACZE ODRZAŃSKIE,w dni wolne,13:00
PRACZE ODRZAŃSKIE,w dni wolne,14:00
PRACZE ODRZAŃSKIE,w dni wolne,15:00
PRACZE ODRZAŃSKIE,w dni wolne,16:00
PRACZE ODRZAŃSKIE,w dni wolne,17:00
PRACZE ODRZAŃSKIE,w dni wolne,18:00
PRACZE ODRZAŃSKIE,w dni wolne,19:00
PRACZE ODRZAŃSKIE,w dni wolne,20:00
PRACZE ODRZAŃSKIE,w dni wolne,20:50
PRACZE ODRZAŃSKIE,w dni wolne,21:50
PRACZE ODRZAŃSKIE,w dni wolne,22:50
PRACZE ODRZAŃSKIE,w dniu 1.XI.2016r.,06:05
PRACZE ODRZAŃSKIE,w dniu 1.XI.2016r.,07:00
PRACZE ODRZAŃSKIE,w dniu 1.XI.2016r.,08:00
PRACZE ODRZAŃSKIE,w dniu 1.XI.2016r.,09:00
PRACZE ODRZAŃSKIE,w dniu 1.XI.2016r.,09:30
PRACZE ODRZAŃSKIE,w dniu 1.XI.2016r.,09:45
PRACZE ODRZAŃSKIE,w dniu 1.XI.2016r.,10:00
PRACZE ODRZAŃSKIE,w dniu 1.XI.2016r.,10:15
PRACZE ODRZAŃSKIE,w dniu 1.XI.2016r.,10:30
PRACZE ODRZAŃSKIE,w dniu 1.XI.2016r.,10:45
PRACZE ODRZAŃSKIE,w dniu 1.XI.2016r.,11:00
PRACZE ODRZAŃSKIE,w dniu 1.XI.2016r.,11:15
PRACZE ODRZAŃSKIE,w dniu 1.XI.2016r.,11:30
PRACZE ODRZAŃSKIE,w dniu 1.XI.2016r.,11:45
PRACZE ODRZAŃSKIE,w dniu 1.XI.2016r.,12:00
PRACZE ODRZAŃSKIE,w dniu 1.XI.2016r.,12:15
PRACZE ODRZAŃSKIE,w dniu 1.XI.2016r.,12:30
PRACZE ODRZAŃSKIE,w dniu 1.XI.2016r.,12:45
PRACZE ODRZAŃSKIE,w dniu 1.XI.2016r.,13:00
PRACZE ODRZAŃSKIE,w dniu 1.XI.2016r.,13:15
PRACZE ODRZAŃSKIE,w dniu 1.XI.2016r.,13:30
PRACZE ODRZAŃSKIE,w dniu 1.XI.2016r.,13:45
PRACZE ODRZAŃSKIE,w dniu 1.XI.2016r.,14:00
PRACZE ODRZAŃSKIE,w dniu 1.XI.2016r.,14:15
PRACZE ODRZAŃSKIE,w dniu 1.XI.2016r.,14:30
PRACZE ODRZAŃSKIE,w dniu 1.XI.2016r.,14:45
PRACZE ODRZAŃSKIE,w dniu 1.XI.2016r.,15:00
PRACZE ODRZAŃSKIE,w dniu 1.XI.2016r.,15:15
PRACZE ODRZAŃSKIE,w dniu 1.XI.2016r.,15:30
PRACZE ODRZAŃSKIE,w dniu 1.XI.2016r.,15:45
PRACZE ODRZAŃSKIE,w dniu 1.XI.2016r.,16:00
PRACZE ODRZAŃSKIE,w dniu 1.XI.2016r.,16:15
PRACZE ODRZAŃSKIE,w dniu 1.XI.2016r.,16:30
PRACZE ODRZAŃSKIE,w dniu 1.XI.2016r.,16:45
PRACZE ODRZAŃSKIE,w dniu 1.XI.2016r.,17:00
PRACZE ODRZAŃSKIE,w dniu 1.XI.2016r.,17:15
PRACZE ODRZAŃSKIE,w dniu 1.XI.2016r.,17:45
PRACZE ODRZAŃSKIE,w dniu 1.XI.2016r.,18:00
PRACZE ODRZAŃSKIE,w dniu 1.XI.2016r.,19:00
PRACZE ODRZAŃSKIE,w dniu 1.XI.2016r.,20:00
PRACZE ODRZAŃSKIE,w dniu 1.XI.2016r.,20:50
PRACZE ODRZAŃSKIE,w dniu 1.XI.2016r.,21:50
PRACZE ODRZAŃSKIE,w dniu 1.XI.2016r.,22:50
PRACZE ODRZAŃSKIE (Stacja kolejowa),w dni robocze,04:46
PRACZE ODRZAŃSKIE (Stacja kolejowa),w dni robocze,05:36
PRACZE ODRZAŃSKIE (Stacja kolejowa),w dni robocze,06:06
PRACZE ODRZAŃSKIE (Stacja kolejowa),w dni robocze,06:36
PRACZE ODRZAŃSKIE (Stacja kolejowa),w dni robocze,07:06
PRACZE ODRZAŃSKIE (Stacja kolejowa),w dni robocze,07:36
PRACZE ODRZAŃSKIE (Stacja kolejowa),w dni robocze,08:06
PRACZE ODRZAŃSKIE (Stacja kolejowa),w dni robocze,08:36
PRACZE ODRZAŃSKIE (Stacja kolejowa),w dni robocze,09:06
PRACZE ODRZAŃSKIE (Stacja kolejowa),w dni robocze,09:36
PRACZE ODRZAŃSKIE (Stacja kolejowa),w dni robocze,10:06
PRACZE ODRZAŃSKIE (Stacja kolejowa),w dni robocze,10:36
PRACZE ODRZAŃSKIE (Stacja kolejowa),w dni robocze,11:06
PRACZE ODRZAŃSKIE (Stacja kolejowa),w dni robocze,11:36
PRACZE ODRZAŃSKIE (Stacja kolejowa),w dni robocze,12:06
PRACZE ODRZAŃSKIE (Stacja kolejowa),w dni robocze,12:36
PRACZE ODRZAŃSKIE (Stacja kolejowa),w dni robocze,13:06
PRACZE ODRZAŃSKIE (Stacja kolejowa),w dni robocze,13:36
PRACZE ODRZAŃSKIE (Stacja kolejowa),w dni robocze,14:06
PRACZE ODRZAŃSKIE (Stacja kolejowa),w dni robocze,14:36
PRACZE ODRZAŃSKIE (Stacja kolejowa),w dni robocze,15:06
PRACZE ODRZAŃSKIE (Stacja kolejowa),w dni robocze,15:36
PRACZE ODRZAŃSKIE (Stacja kolejowa),w dni robocze,16:06
PRACZE ODRZAŃSKIE (Stacja kolejowa),w dni robocze,16:36
PRACZE ODRZAŃSKIE (Stacja kolejowa),w dni robocze,17:06
PRACZE ODRZAŃSKIE (Stacja kolejowa),w dni robocze,17:36
PRACZE ODRZAŃSKIE (Stacja kolejowa),w dni robocze,18:06
PRACZE ODRZAŃSKIE (Stacja kolejowa),w dni robocze,18:36
PRACZE ODRZAŃSKIE (Stacja kolejowa),w dni robocze,19:06
PRACZE ODRZAŃSKIE (Stacja kolejowa),w dni robocze,19:36
PRACZE ODRZAŃSKIE (Stacja kolejowa),w dni robocze,20:06
PRACZE ODRZAŃSKIE (Stacja kolejowa),w dni robocze,21:06
PRACZE ODRZAŃSKIE (Stacja kolejowa),w dni robocze,21:51
PRACZE ODRZAŃSKIE (Stacja kolejowa),w dni robocze,22:51
PRACZE ODRZAŃSKIE (Stacja kolejowa),w dni wolne,06:06
PRACZE ODRZAŃSKIE (Stacja kolejowa),w dni wolne,07:01
PRACZE ODRZAŃSKIE (Stacja kolejowa),w dni wolne,08:01
PRACZE ODRZAŃSKIE (Stacja kolejowa),w dni wolne,09:01
PRACZE ODRZAŃSKIE (Stacja kolejowa),w dni wolne,10:01
PRACZE ODRZAŃSKIE (Stacja kolejowa),w dni wolne,11:01
PRACZE ODRZAŃSKIE (Stacja kolejowa),w dni wolne,12:01
PRACZE ODRZAŃSKIE (Stacja kolejowa),w dni wolne,13:01
PRACZE ODRZAŃSKIE (Stacja kolejowa),w dni wolne,14:01
PRACZE ODRZAŃSKIE (Stacja kolejowa),w dni wolne,15:01
PRACZE ODRZAŃSKIE (Stacja kolejowa),w dni wolne,16:01
PRACZE ODRZAŃSKIE (Stacja kolejowa),w dni wolne,17:01
PRACZE ODRZAŃSKIE (Stacja kolejowa),w dni wolne,18:01
PRACZE ODRZAŃSKIE (Stacja kolejowa),w dni wolne,19:01
PRACZE ODRZAŃSKIE (Stacja kolejowa),w dni wolne,20:01
PRACZE ODRZAŃSKIE (Stacja kolejowa),w dni wolne,20:51
PRACZE ODRZAŃSKIE (Stacja kolejowa),w dni wolne,21:51
PRACZE ODRZAŃSKIE (Stacja kolejowa),w dni wolne,22:51
PRACZE ODRZAŃSKIE (Stacja kolejowa),w dniu 1.XI.2016r.,06:06
PRACZE ODRZAŃSKIE (Stacja kolejowa),w dniu 1.XI.2016r.,07:01
PRACZE ODRZAŃSKIE (Stacja kolejowa),w dniu 1.XI.2016r.,08:01
PRACZE ODRZAŃSKIE (Stacja kolejowa),w dniu 1.XI.2016r.,09:01
PRACZE ODRZAŃSKIE (Stacja kolejowa),w dniu 1.XI.2016r.,09:31
PRACZE ODRZAŃSKIE (Stacja kolejowa),w dniu 1.XI.2016r.,09:46
PRACZE ODRZAŃSKIE (Stacja kolejowa),w dniu 1.XI.2016r.,10:01
PRACZE ODRZAŃSKIE (Stacja kolejowa),w dniu 1.XI.2016r.,10:16
PRACZE ODRZAŃSKIE (Stacja kolejowa),w dniu 1.XI.2016r.,10:31
PRACZE ODRZAŃSKIE (Stacja kolejowa),w dniu 1.XI.2016r.,10:46
PRACZE ODRZAŃSKIE (Stacja kolejowa),w dniu 1.XI.2016r.,11:01
PRACZE ODRZAŃSKIE (Stacja kolejowa),w dniu 1.XI.2016r.,11:16
PRACZE ODRZAŃSKIE (Stacja kolejowa),w dniu 1.XI.2016r.,11:31
PRACZE ODRZAŃSKIE (Stacja kolejowa),w dniu 1.XI.2016r.,11:46
PRACZE ODRZAŃSKIE (Stacja kolejowa),w dniu 1.XI.2016r.,12:01
PRACZE ODRZAŃSKIE (Stacja kolejowa),w dniu 1.XI.2016r.,12:16
PRACZE ODRZAŃSKIE (Stacja kolejowa),w dniu 1.XI.2016r.,12:31
PRACZE ODRZAŃSKIE (Stacja kolejowa),w dniu 1.XI.2016r.,12:46
PRACZE ODRZAŃSKIE (Stacja kolejowa),w dniu 1.XI.2016r.,13:01
PRACZE ODRZAŃSKIE (Stacja kolejowa),w dniu 1.XI.2016r.,13:16
PRACZE ODRZAŃSKIE (Stacja kolejowa),w dniu 1.XI.2016r.,13:31
PRACZE ODRZAŃSKIE (Stacja kolejowa),w dniu 1.XI.2016r.,13:46
PRACZE ODRZAŃSKIE (Stacja kolejowa),w dniu 1.XI.2016r.,14:01
PRACZE ODRZAŃSKIE (Stacja kolejowa),w dniu 1.XI.2016r.,14:16
PRACZE ODRZAŃSKIE (Stacja kolejowa),w dniu 1.XI.2016r.,14:31
PRACZE ODRZAŃSKIE (Stacja kolejowa),w dniu 1.XI.2016r.,14:46
PRACZE ODRZAŃSKIE (Stacja kolejowa),w dniu 1.XI.2016r.,15:01
PRACZE ODRZAŃSKIE (Stacja kolejowa),w dniu 1.XI.2016r.,15:16
PRACZE ODRZAŃSKIE (Stacja kolejowa),w dniu 1.XI.2016r.,15:31
PRACZE ODRZAŃSKIE (Stacja kolejowa),w dniu 1.XI.2016r.,15:46
PRACZE ODRZAŃSKIE (Stacja kolejowa),w dniu 1.XI.2016r.,16:01
PRACZE ODRZAŃSKIE (Stacja kolejowa),w dniu 1.XI.2016r.,16:16
PRACZE ODRZAŃSKIE (Stacja kolejowa),w dniu 1.XI.2016r.,16:31
PRACZE ODRZAŃSKIE (Stacja kolejowa),w dniu 1.XI.2016r.,16:46
PRACZE ODRZAŃSKIE (Stacja kolejowa),w dniu 1.XI.2016r.,17:01
PRACZE ODRZAŃSKIE (Stacja kolejowa),w dniu 1.XI.2016r.,17:16
PRACZE ODRZAŃSKIE (Stacja kolejowa),w dniu 1.XI.2016r.,17:46
PRACZE ODRZAŃSKIE (Stacja kolejowa),w dniu 1.XI.2016r.,18:01
PRACZE ODRZAŃSKIE (Stacja kolejowa),w dniu 1.XI.2016r.,19:01
PRACZE ODRZAŃSKIE (Stacja kolejowa),w dniu 1.XI.2016r.,20:01
PRACZE ODRZAŃSKIE (Stacja kolejowa),w dniu 1.XI.2016r.,20:51
PRACZE ODRZAŃSKIE (Stacja kolejowa),w dniu 1.XI.2016r.,21:51
PRACZE ODRZAŃSKIE (Stacja kolejowa),w dniu 1.XI.2016r.,22:51
STABŁOWICKA (Ośrodek zdrowia),w dni robocze,04:47
STABŁOWICKA (Ośrodek zdrowia),w dni robocze,05:37
STABŁOWICKA (Ośrodek zdrowia),w dni robocze,06:07
STABŁOWICKA (Ośrodek zdrowia),w dni robocze,06:37
STABŁOWICKA (Ośrodek zdrowia),w dni robocze,07:07
STABŁOWICKA (Ośrodek zdrowia),w dni robocze,07:37
STABŁOWICKA (Ośrodek zdrowia),w dni robocze,08:07
STABŁOWICKA (Ośrodek zdrowia),w dni robocze,08:37
STABŁOWICKA (Ośrodek zdrowia),w dni robocze,09:07
STABŁOWICKA (Ośrodek zdrowia),w dni robocze,09:37
STABŁOWICKA (Ośrodek zdrowia),w dni robocze,10:07
STABŁOWICKA (Ośrodek zdrowia),w dni robocze,10:37
STABŁOWICKA (Ośrodek zdrowia),w dni robocze,11:07
STABŁOWICKA (Ośrodek zdrowia),w dni robocze,11:37
STABŁOWICKA (Ośrodek zdrowia),w dni robocze,12:07
STABŁOWICKA (Ośrodek zdrowia),w dni robocze,12:37
STABŁOWICKA (Ośrodek zdrowia),w dni robocze,13:07
STABŁOWICKA (Ośrodek zdrowia),w dni robocze,13:37
STABŁOWICKA (Ośrodek zdrowia),w dni robocze,14:07
STABŁOWICKA (Ośrodek zdrowia),w dni robocze,14:37
STABŁOWICKA (Ośrodek zdrowia),w dni robocze,15:07
STABŁOWICKA (Ośrodek zdrowia),w dni robocze,15:37
STABŁOWICKA (Ośrodek zdrowia),w dni robocze,16:07
STABŁOWICKA (Ośrodek zdrowia),w dni robocze,16:37
STABŁOWICKA (Ośrodek zdrowia),w dni robocze,17:07
STABŁOWICKA (Ośrodek zdrowia),w dni robocze,17:37
STABŁOWICKA (Ośrodek zdrowia),w dni robocze,18:07
STABŁOWICKA (Ośrodek zdrowia),w dni robocze,18:37
STABŁOWICKA (Ośrodek zdrowia),w dni robocze,19:07
STABŁOWICKA (Ośrodek zdrowia),w dni robocze,19:37
STABŁOWICKA (Ośrodek zdrowia),w dni robocze,20:07
STABŁOWICKA (Ośrodek zdrowia),w dni robocze,21:07
STABŁOWICKA (Ośrodek zdrowia),w dni robocze,21:52
STABŁOWICKA (Ośrodek zdrowia),w dni robocze,22:52
STABŁOWICKA (Ośrodek zdrowia),w dni wolne,06:07
STABŁOWICKA (Ośrodek zdrowia),w dni wolne,07:02
STABŁOWICKA (Ośrodek zdrowia),w dni wolne,08:02
STABŁOWICKA (Ośrodek zdrowia),w dni wolne,09:02
STABŁOWICKA (Ośrodek zdrowia),w dni wolne,10:02
STABŁOWICKA (Ośrodek zdrowia),w dni wolne,11:02
STABŁOWICKA (Ośrodek zdrowia),w dni wolne,12:02
STABŁOWICKA (Ośrodek zdrowia),w dni wolne,13:02
STABŁOWICKA (Ośrodek zdrowia),w dni wolne,14:02
STABŁOWICKA (Ośrodek zdrowia),w dni wolne,15:02
STABŁOWICKA (Ośrodek zdrowia),w dni wolne,16:02
STABŁOWICKA (Ośrodek zdrowia),w dni wolne,17:02
STABŁOWICKA (Ośrodek zdrowia),w dni wolne,18:02
STABŁOWICKA (Ośrodek zdrowia),w dni wolne,19:02
STABŁOWICKA (Ośrodek zdrowia),w dni wolne,20:02
STABŁOWICKA (Ośrodek zdrowia),w dni wolne,20:52
STABŁOWICKA (Ośrodek zdrowia),w dni wolne,21:52
STABŁOWICKA (Ośrodek zdrowia),w dni wolne,22:52
STABŁOWICKA (Ośrodek zdrowia),w dniu 1.XI.2016r.,06:07
STABŁOWICKA (Ośrodek zdrowia),w dniu 1.XI.2016r.,07:02
STABŁOWICKA (Ośrodek zdrowia),w dniu 1.XI.2016r.,08:02
STABŁOWICKA (Ośrodek zdrowia),w dniu 1.XI.2016r.,09:02
STABŁOWICKA (Ośrodek zdrowia),w dniu 1.XI.2016r.,09:32
STABŁOWICKA (Ośrodek zdrowia),w dniu 1.XI.2016r.,09:47
STABŁOWICKA (Ośrodek zdrowia),w dniu 1.XI.2016r.,10:02
STABŁOWICKA (Ośrodek zdrowia),w dniu 1.XI.2016r.,10:17
STABŁOWICKA (Ośrodek zdrowia),w dniu 1.XI.2016r.,10:32
STABŁOWICKA (Ośrodek zdrowia),w dniu 1.XI.2016r.,10:47
STABŁOWICKA (Ośrodek zdrowia),w dniu 1.XI.2016r.,11:02
STABŁOWICKA (Ośrodek zdrowia),w dniu 1.XI.2016r.,11:17
STABŁOWICKA (Ośrodek zdrowia),w dniu 1.XI.2016r.,11:32
STABŁOWICKA (Ośrodek zdrowia),w dniu 1.XI.2016r.,11:47
STABŁOWICKA (Ośrodek zdrowia),w dniu 1.XI.2016r.,12:02
STABŁOWICKA (Ośrodek zdrowia),w dniu 1.XI.2016r.,12:17
STABŁOWICKA (Ośrodek zdrowia),w dniu 1.XI.2016r.,12:32
STABŁOWICKA (Ośrodek zdrowia),w dniu 1.XI.2016r.,12:47
STABŁOWICKA (Ośrodek zdrowia),w dniu 1.XI.2016r.,13:02
STABŁOWICKA (Ośrodek zdrowia),w dniu 1.XI.2016r.,13:17
STABŁOWICKA (Ośrodek zdrowia),w dniu 1.XI.2016r.,13:32
STABŁOWICKA (Ośrodek zdrowia),w dniu 1.XI.2016r.,13:47
STABŁOWICKA (Ośrodek zdrowia),w dniu 1.XI.2016r.,14:02
STABŁOWICKA (Ośrodek zdrowia),w dniu 1.XI.2016r.,14:17
STABŁOWICKA (Ośrodek zdrowia),w dniu 1.XI.2016r.,14:32
STABŁOWICKA (Ośrodek zdrowia),w dniu 1.XI.2016r.,14:47
STABŁOWICKA (Ośrodek zdrowia),w dniu 1.XI.2016r.,15:02
STABŁOWICKA (Ośrodek zdrowia),w dniu 1.XI.2016r.,15:17
STABŁOWICKA (Ośrodek zdrowia),w dniu 1.XI.2016r.,15:32
STABŁOWICKA (Ośrodek zdrowia),w dniu 1.XI.2016r.,15:47
STABŁOWICKA (Ośrodek zdrowia),w dniu 1.XI.2016r.,16:02
STABŁOWICKA (Ośrodek zdrowia),w dniu 1.XI.2016r.,16:17
STABŁOWICKA (Ośrodek zdrowia),w dniu 1.XI.2016r.,16:32
STABŁOWICKA (Ośrodek zdrowia),w dniu 1.XI.2016r.,16:47
STABŁOWICKA (Ośrodek zdrowia),w dniu 1.XI.2016r.,17:02
STABŁOWICKA (Ośrodek zdrowia),w dniu 1.XI.2016r.,17:17
STABŁOWICKA (Ośrodek zdrowia),w dniu 1.XI.2016r.,17:47
STABŁOWICKA (Ośrodek zdrowia),w dniu 1.XI.2016r.,18:02
STABŁOWICKA (Ośrodek zdrowia),w dniu 1.XI.2016r.,19:02
STABŁOWICKA (Ośrodek zdrowia),w dniu 1.XI.2016r.,20:02
STABŁOWICKA (Ośrodek zdrowia),w dniu 1.XI.2016r.,20:52
STABŁOWICKA (Ośrodek zdrowia),w dniu 1.XI.2016r.,21:52
STABŁOWICKA (Ośrodek zdrowia),w dniu 1.XI.2016r.,22:52
Główna,w dni robocze,04:48
Główna,w dni robocze,05:38
Główna,w dni robocze,06:08
Główna,w dni robocze,06:38
Główna,w dni robocze,07:08
Główna,w dni robocze,07:38
Główna,w dni robocze,08:08
Główna,w dni robocze,08:38
Główna,w dni robocze,09:08
Główna,w dni robocze,09:38
Główna,w dni robocze,10:08
Główna,w dni robocze,10:38
Główna,w dni robocze,11:08
Główna,w dni robocze,11:38
Główna,w dni robocze,12:08
Główna,w dni robocze,12:38
Główna,w dni robocze,13:08
Główna,w dni robocze,13:38
Główna,w dni robocze,14:08
Główna,w dni robocze,14:38
Główna,w dni robocze,15:08
Główna,w dni robocze,15:38
Główna,w dni robocze,16:08
Główna,w dni robocze,16:38
Główna,w dni robocze,17:08
Główna,w dni robocze,17:38
Główna,w dni robocze,18:08
Główna,w dni robocze,18:38
Główna,w dni robocze,19:08
Główna,w dni robocze,19:38
Główna,w dni robocze,20:08
Główna,w dni robocze,21:08
Główna,w dni robocze,21:53
Główna,w dni robocze,22:53
Główna,w dni wolne,06:08
Główna,w dni wolne,07:03
Główna,w dni wolne,08:03
Główna,w dni wolne,09:03
Główna,w dni wolne,10:03
Główna,w dni wolne,11:03
Główna,w dni wolne,12:03
Główna,w dni wolne,13:03
Główna,w dni wolne,14:03
Główna,w dni wolne,15:03
Główna,w dni wolne,16:03
Główna,w dni wolne,17:03
Główna,w dni wolne,18:03
Główna,w dni wolne,19:03
Główna,w dni wolne,20:03
Główna,w dni wolne,20:53
Główna,w dni wolne,21:53
Główna,w dni wolne,22:53
Główna,w dniu 1.XI.2016r.,06:08
Główna,w dniu 1.XI.2016r.,07:03
Główna,w dniu 1.XI.2016r.,08:03
Główna,w dniu 1.XI.2016r.,09:03
Główna,w dniu 1.XI.2016r.,09:33
Główna,w dniu 1.XI.2016r.,09:48
Główna,w dniu 1.XI.2016r.,10:03
Główna,w dniu 1.XI.2016r.,10:18
Główna,w dniu 1.XI.2016r.,10:33
Główna,w dniu 1.XI.2016r.,10:48
Główna,w dniu 1.XI.2016r.,11:03
Główna,w dniu 1.XI.2016r.,11:18
Główna,w dniu 1.XI.2016r.,11:33
Główna,w dniu 1.XI.2016r.,11:48
Główna,w dniu 1.XI.2016r.,12:03
Główna,w dniu 1.XI.2016r.,12:18
Główna,w dniu 1.XI.2016r.,12:33
Główna,w dniu 1.XI.2016r.,12:48
Główna,w dniu 1.XI.2016r.,13:03
Główna,w dniu 1.XI.2016r.,13:18
Główna,w dniu 1.XI.2016r.,13:33
Główna,w dniu 1.XI.2016r.,13:48
Główna,w dniu 1.XI.2016r.,14:03
Główna,w dniu 1.XI.2016r.,14:18
Główna,w dniu 1.XI.2016r.,14:33
Główna,w dniu 1.XI.2016r.,14:48
Główna,w dniu 1.XI.2016r.,15:03
Główna,w dniu 1.XI.2016r.,15:18
Główna,w dniu 1.XI.2016r.,15:33
Główna,w dniu 1.XI.2016r.,15:48
Główna,w dniu 1.XI.2016r.,16:03
Główna,w dniu 1.XI.2016r.,16:18
Główna,w dniu 1.XI.2016r.,16:33
Główna,w dniu 1.XI.2016r.,16:48
Główna,w dniu 1.XI.2016r.,17:03
Główna,w dniu 1.XI.2016r.,17:18
Główna,w dniu 1.XI.2016r.,17:48
Główna,w dniu 1.XI.2016r.,18:03
Główna,w dniu 1.XI.2016r.,19:03
Główna,w dniu 1.XI.2016r.,20:03
Główna,w dniu 1.XI.2016r.,20:53
Główna,w dniu 1.XI.2016r.,21:53
Główna,w dniu 1.XI.2016r.,22:53
Marszowice,w dni robocze,04:49
Marszowice,w dni robocze,05:39
Marszowice,w dni robocze,06:09
Marszowice,w dni robocze,06:39
Marszowice,w dni robocze,07:09
Marszowice,w dni robocze,07:39
Marszowice,w dni robocze,08:09
Marszowice,w dni robocze,08:39
Marszowice,w dni robocze,09:09
Marszowice,w dni robocze,09:39
Marszowice,w dni robocze,10:09
Marszowice,w dni robocze,10:39
Marszowice,w dni robocze,11:09
Marszowice,w dni robocze,11:39
Marszowice,w dni robocze,12:09
Marszowice,w dni robocze,12:39
Marszowice,w dni robocze,13:09
Marszowice,w dni robocze,13:39
Marszowice,w dni robocze,14:09
Marszowice,w dni robocze,14:39
Marszowice,w dni robocze,15:09
Marszowice,w dni robocze,15:39
Marszowice,w dni robocze,16:09
Marszowice,w dni robocze,16:39
Marszowice,w dni robocze,17:09
Marszowice,w dni robocze,17:39
Marszowice,w dni robocze,18:09
Marszowice,w dni robocze,18:39
Marszowice,w dni robocze,19:09
Marszowice,w dni robocze,19:39
Marszowice,w dni robocze,20:09
Marszowice,w dni robocze,21:09
Marszowice,w dni robocze,21:54
Marszowice,w dni robocze,22:54
Marszowice,w dni wolne,06:09
Marszowice,w dni wolne,07:04
Marszowice,w dni wolne,08:04
Marszowice,w dni wolne,09:04
Marszowice,w dni wolne,10:04
Marszowice,w dni wolne,11:04
Marszowice,w dni wolne,12:04
Marszowice,w dni wolne,13:04
Marszowice,w dni wolne,14:04
Marszowice,w dni wolne,15:04
Marszowice,w dni wolne,16:04
Marszowice,w dni wolne,17:04
Marszowice,w dni wolne,18:04
Marszowice,w dni wolne,19:04
Marszowice,w dni wolne,20:04
Marszowice,w dni wolne,20:54
Marszowice,w dni wolne,21:54
Marszowice,w dni wolne,22:54
Marszowice,w dniu 1.XI.2016r.,06:09
Marszowice,w dniu 1.XI.2016r.,07:04
Marszowice,w dniu 1.XI.2016r.,08:04
Marszowice,w dniu 1.XI.2016r.,09:04
Marszowice,w dniu 1.XI.2016r.,09:34
Marszowice,w dniu 1.XI.2016r.,09:49
Marszowice,w dniu 1.XI.2016r.,10:04
Marszowice,w dniu 1.XI.2016r.,10:19
Marszowice,w dniu 1.XI.2016r.,10:34
Marszowice,w dniu 1.XI.2016r.,10:49
Marszowice,w dniu 1.XI.2016r.,11:04
Marszowice,w dniu 1.XI.2016r.,11:19
Marszowice,w dniu 1.XI.2016r.,11:34
Marszowice,w dniu 1.XI.2016r.,11:49
Marszowice,w dniu 1.XI.2016r.,12:04
Marszowice,w dniu 1.XI.2016r.,12:19
Marszowice,w dniu 1.XI.2016r.,12:34
Marszowice,w dniu 1.XI.2016r.,12:49
Marszowice,w dniu 1.XI.2016r.,13:04
Marszowice,w dniu 1.XI.2016r.,13:19
Marszowice,w dniu 1.XI.2016r.,13:34
Marszowice,w dniu 1.XI.2016r.,13:49
Marszowice,w dniu 1.XI.2016r.,14:04
Marszowice,w dniu 1.XI.2016r.,14:19
Marszowice,w dniu 1.XI.2016r.,14:34
Marszowice,w dniu 1.XI.2016r.,14:49
Marszowice,w dniu 1.XI.2016r.,15:04
Marszowice,w dniu 1.XI.2016r.,15:19
Marszowice,w dniu 1.XI.2016r.,15:34
Marszowice,w dniu 1.XI.2016r.,15:49
Marszowice,w dniu 1.XI.2016r.,16:04
Marszowice,w dniu 1.XI.2016r.,16:19
Marszowice,w dniu 1.XI.2016r.,16:34
Marszowice,w dniu 1.XI.2016r.,16:49
Marszowice,w dniu 1.XI.2016r.,17:04
Marszowice,w dniu 1.XI.2016r.,17:19
Marszowice,w dniu 1.XI.2016r.,17:49
Marszowice,w dniu 1.XI.2016r.,18:04
Marszowice,w dniu 1.XI.2016r.,19:04
Marszowice,w dniu 1.XI.2016r.,20:04
Marszowice,w dniu 1.XI.2016r.,20:54
Marszowice,w dniu 1.XI.2016r.,21:54
Marszowice,w dniu 1.XI.2016r.,22:54
Małomicka,w dni robocze,04:50
Małomicka,w dni robocze,05:40
Małomicka,w dni robocze,06:10
Małomicka,w dni robocze,06:40
Małomicka,w dni robocze,07:10
Małomicka,w dni robocze,07:40
Małomicka,w dni robocze,08:10
Małomicka,w dni robocze,08:40
Małomicka,w dni robocze,09:10
Małomicka,w dni robocze,09:40
Małomicka,w dni robocze,10:10
Małomicka,w dni robocze,10:40
Małomicka,w dni robocze,11:10
Małomicka,w dni robocze,11:40
Małomicka,w dni robocze,12:10
Małomicka,w dni robocze,12:40
Małomicka,w dni robocze,13:10
Małomicka,w dni robocze,13:40
Małomicka,w dni robocze,14:10
Małomicka,w dni robocze,14:40
Małomicka,w dni robocze,15:10
Małomicka,w dni robocze,15:40
Małomicka,w dni robocze,16:10
Małomicka,w dni robocze,16:40
Małomicka,w dni robocze,17:10
Małomicka,w dni robocze,17:40
Małomicka,w dni robocze,18:10
Małomicka,w dni robocze,18:40
Małomicka,w dni robocze,19:10
Małomicka,w dni robocze,19:40
Małomicka,w dni robocze,20:10
Małomicka,w dni robocze,21:10
Małomicka,w dni robocze,21:55
Małomicka,w dni robocze,22:55
Małomicka,w dni wolne,06:10
Małomicka,w dni wolne,07:05
Małomicka,w dni wolne,08:05
Małomicka,w dni wolne,09:05
Małomicka,w dni wolne,10:05
Małomicka,w dni wolne,11:05
Małomicka,w dni wolne,12:05
Małomicka,w dni wolne,13:05
Małomicka,w dni wolne,14:05
Małomicka,w dni wolne,15:05
Małomicka,w dni wolne,16:05
Małomicka,w dni wolne,17:05
Małomicka,w dni wolne,18:05
Małomicka,w dni wolne,19:05
Małomicka,w dni wolne,20:05
Małomicka,w dni wolne,20:55
Małomicka,w dni wolne,21:55
Małomicka,w dni wolne,22:55
Małomicka,w dniu 1.XI.2016r.,06:10
Małomicka,w dniu 1.XI.2016r.,07:05
Małomicka,w dniu 1.XI.2016r.,08:05
Małomicka,w dniu 1.XI.2016r.,09:05
Małomicka,w dniu 1.XI.2016r.,09:35
Małomicka,w dniu 1.XI.2016r.,09:50
Małomicka,w dniu 1.XI.2016r.,10:05
Małomicka,w dniu 1.XI.2016r.,10:20
Małomicka,w dniu 1.XI.2016r.,10:35
Małomicka,w dniu 1.XI.2016r.,10:50
Małomicka,w dniu 1.XI.2016r.,11:05
Małomicka,w dniu 1.XI.2016r.,11:20
Małomicka,w dniu 1.XI.2016r.,11:35
Małomicka,w dniu 1.XI.2016r.,11:50
Małomicka,w dniu 1.XI.2016r.,12:05
Małomicka,w dniu 1.XI.2016r.,12:20
Małomicka,w dniu 1.XI.2016r.,12:35
Małomicka,w dniu 1.XI.2016r.,12:50
Małomicka,w dniu 1.XI.2016r.,13:05
Małomicka,w dniu 1.XI.2016r.,13:20
Małomicka,w dniu 1.XI.2016r.,13:35
Małomicka,w dniu 1.XI.2016r.,13:50
Małomicka,w dniu 1.XI.2016r.,14:05
Małomicka,w dniu 1.XI.2016r.,14:20
Małomicka,w dniu 1.XI.2016r.,14:35
Małomicka,w dniu 1.XI.2016r.,14:50
Małomicka,w dniu 1.XI.2016r.,15:05
Małomicka,w dniu 1.XI.2016r.,15:20
Małomicka,w dniu 1.XI.2016r.,15:35
Małomicka,w dniu 1.XI.2016r.,15:50
Małomicka,w dniu 1.XI.2016r.,16:05
Małomicka,w dniu 1.XI.2016r.,16:20
Małomicka,w dniu 1.XI.2016r.,16:35
Małomicka,w dniu 1.XI.2016r.,16:50
Małomicka,w dniu 1.XI.2016r.,17:05
Małomicka,w dniu 1.XI.2016r.,17:20
Małomicka,w dniu 1.XI.2016r.,17:50
Małomicka,w dniu 1.XI.2016r.,18:05
Małomicka,w dniu 1.XI.2016r.,19:05
Małomicka,w dniu 1.XI.2016r.,20:05
Małomicka,w dniu 1.XI.2016r.,20:55
Małomicka,w dniu 1.XI.2016r.,21:55
Małomicka,w dniu 1.XI.2016r.,22:55
Bojanowska,w dni robocze,04:51
Bojanowska,w dni robocze,05:41
Bojanowska,w dni robocze,06:11
Bojanowska,w dni robocze,06:41
Bojanowska,w dni robocze,07:11
Bojanowska,w dni robocze,07:41
Bojanowska,w dni robocze,08:11
Bojanowska,w dni robocze,08:41
Bojanowska,w dni robocze,09:11
Bojanowska,w dni robocze,09:41
Bojanowska,w dni robocze,10:11
Bojanowska,w dni robocze,10:41
Bojanowska,w dni robocze,11:11
Bojanowska,w dni robocze,11:41
Bojanowska,w dni robocze,12:11
Bojanowska,w dni robocze,12:41
Bojanowska,w dni robocze,13:11
Bojanowska,w dni robocze,13:41
Bojanowska,w dni robocze,14:11
Bojanowska,w dni robocze,14:41
Bojanowska,w dni robocze,15:11
Bojanowska,w dni robocze,15:41
Bojanowska,w dni robocze,16:11
Bojanowska,w dni robocze,16:41
Bojanowska,w dni robocze,17:11
Bojanowska,w dni robocze,17:41
Bojanowska,w dni robocze,18:11
Bojanowska,w dni robocze,18:41
Bojanowska,w dni robocze,19:11
Bojanowska,w dni robocze,19:41
Bojanowska,w dni robocze,20:11
Bojanowska,w dni robocze,21:11
Bojanowska,w dni robocze,21:56
Bojanowska,w dni robocze,22:56
Bojanowska,w dni wolne,06:11
Bojanowska,w dni wolne,07:06
Bojanowska,w dni wolne,08:06
Bojanowska,w dni wolne,09:06
Bojanowska,w dni wolne,10:06
Bojanowska,w dni wolne,11:06
Bojanowska,w dni wolne,12:06
Bojanowska,w dni wolne,13:06
Bojanowska,w dni wolne,14:06
Bojanowska,w dni wolne,15:06
Bojanowska,w dni wolne,16:06
Bojanowska,w dni wolne,17:06
Bojanowska,w dni wolne,18:06
Bojanowska,w dni wolne,19:06
Bojanowska,w dni wolne,20:06
Bojanowska,w dni wolne,20:56
Bojanowska,w dni wolne,21:56
Bojanowska,w dni wolne,22:56
Bojanowska,w dniu 1.XI.2016r.,06:11
Bojanowska,w dniu 1.XI.2016r.,07:06
Bojanowska,w dniu 1.XI.2016r.,08:06
Bojanowska,w dniu 1.XI.2016r.,09:06
Bojanowska,w dniu 1.XI.2016r.,09:36
Bojanowska,w dniu 1.XI.2016r.,09:51
Bojanowska,w dniu 1.XI.2016r.,10:06
Bojanowska,w dniu 1.XI.2016r.,10:21
Bojanowska,w dniu 1.XI.2016r.,10:36
Bojanowska,w dniu 1.XI.2016r.,10:51
Bojanowska,w dniu 1.XI.2016r.,11:06
Bojanowska,w dniu 1.XI.2016r.,11:21
Bojanowska,w dniu 1.XI.2016r.,11:36
Bojanowska,w dniu 1.XI.2016r.,11:51
Bojanowska,w dniu 1.XI.2016r.,12:06
Bojanowska,w dniu 1.XI.2016r.,12:21
Bojanowska,w dniu 1.XI.2016r.,12:36
Bojanowska,w dniu 1.XI.2016r.,12:51
Bojanowska,w dniu 1.XI.2016r.,13:06
Bojanowska,w dniu 1.XI.2016r.,13:21
Bojanowska,w dniu 1.XI.2016r.,13:36
Bojanowska,w dniu 1.XI.2016r.,13:51
Bojanowska,w dniu 1.XI.2016r.,14:06
Bojanowska,w dniu 1.XI.2016r.,14:21
Bojanowska,w dniu 1.XI.2016r.,14:36
Bojanowska,w dniu 1.XI.2016r.,14:51
Bojanowska,w dniu 1.XI.2016r.,15:06
Bojanowska,w dniu 1.XI.2016r.,15:21
Bojanowska,w dniu 1.XI.2016r.,15:36
Bojanowska,w dniu 1.XI.2016r.,15:51
Bojanowska,w dniu 1.XI.2016r.,16:06
Bojanowska,w dniu 1.XI.2016r.,16:21
Bojanowska,w dniu 1.XI.2016r.,16:36
Bojanowska,w dniu 1.XI.2016r.,16:51
Bojanowska,w dniu 1.XI.2016r.,17:06
Bojanowska,w dniu 1.XI.2016r.,17:21
Bojanowska,w dniu 1.XI.2016r.,17:51
Bojanowska,w dniu 1.XI.2016r.,18:06
Bojanowska,w dniu 1.XI.2016r.,19:06
Bojanowska,w dniu 1.XI.2016r.,20:06
Bojanowska,w dniu 1.XI.2016r.,20:56
Bojanowska,w dniu 1.XI.2016r.,21:56
Bojanowska,w dniu 1.XI.2016r.,22:56
Marszowicka,w dni robocze,04:52
Marszowicka,w dni robocze,05:42
Marszowicka,w dni robocze,06:12
Marszowicka,w dni robocze,06:42
Marszowicka,w dni robocze,07:12
Marszowicka,w dni robocze,07:42
Marszowicka,w dni robocze,08:12
Marszowicka,w dni robocze,08:42
Marszowicka,w dni robocze,09:12
Marszowicka,w dni robocze,09:42
Marszowicka,w dni robocze,10:12
Marszowicka,w dni robocze,10:42
Marszowicka,w dni robocze,11:12
Marszowicka,w dni robocze,11:42
Marszowicka,w dni robocze,12:12
Marszowicka,w dni robocze,12:42
Marszowicka,w dni robocze,13:12
Marszowicka,w dni robocze,13:42
Marszowicka,w dni robocze,14:12
Marszowicka,w dni robocze,14:42
Marszowicka,w dni robocze,15:12
Marszowicka,w dni robocze,15:42
Marszowicka,w dni robocze,16:12
Marszowicka,w dni robocze,16:42
Marszowicka,w dni robocze,17:12
Marszowicka,w dni robocze,17:42
Marszowicka,w dni robocze,18:12
Marszowicka,w dni robocze,18:42
Marszowicka,w dni robocze,19:12
Marszowicka,w dni robocze,19:42
Marszowicka,w dni robocze,20:12
Marszowicka,w dni robocze,21:12
Marszowicka,w dni robocze,21:57
Marszowicka,w dni robocze,22:57
Marszowicka,w dni wolne,06:12
Marszowicka,w dni wolne,07:07
Marszowicka,w dni wolne,08:07
Marszowicka,w dni wolne,09:07
Marszowicka,w dni wolne,10:07
Marszowicka,w dni wolne,11:07
Marszowicka,w dni wolne,12:07
Marszowicka,w dni wolne,13:07
Marszowicka,w dni wolne,14:07
Marszowicka,w dni wolne,15:07
Marszowicka,w dni wolne,16:07
Marszowicka,w dni wolne,17:07
Marszowicka,w dni wolne,18:07
Marszowicka,w dni wolne,19:07
Marszowicka,w dni wolne,20:07
Marszowicka,w dni wolne,20:57
Marszowicka,w dni wolne,21:57
Marszowicka,w dni wolne,22:57
Marszowicka,w dniu 1.XI.2016r.,06:12
Marszowicka,w dniu 1.XI.2016r.,07:07
Marszowicka,w dniu 1.XI.2016r.,08:07
Marszowicka,w dniu 1.XI.2016r.,09:07
Marszowicka,w dniu 1.XI.2016r.,09:37
Marszowicka,w dniu 1.XI.2016r.,09:52
Marszowicka,w dniu 1.XI.2016r.,10:07
Marszowicka,w dniu 1.XI.2016r.,10:22
Marszowicka,w dniu 1.XI.2016r.,10:37
Marszowicka,w dniu 1.XI.2016r.,10:52
Marszowicka,w dniu 1.XI.2016r.,11:07
Marszowicka,w dniu 1.XI.2016r.,11:22
Marszowicka,w dniu 1.XI.2016r.,11:37
Marszowicka,w dniu 1.XI.2016r.,11:52
Marszowicka,w dniu 1.XI.2016r.,12:07
Marszowicka,w dniu 1.XI.2016r.,12:22
Marszowicka,w dniu 1.XI.2016r.,12:37
Marszowicka,w dniu 1.XI.2016r.,12:52
Marszowicka,w dniu 1.XI.2016r.,13:07
Marszowicka,w dniu 1.XI.2016r.,13:22
Marszowicka,w dniu 1.XI.2016r.,13:37
Marszowicka,w dniu 1.XI.2016r.,13:52
Marszowicka,w dniu 1.XI.2016r.,14:07
Marszowicka,w dniu 1.XI.2016r.,14:22
Marszowicka,w dniu 1.XI.2016r.,14:37
Marszowicka,w dniu 1.XI.2016r.,14:52
Marszowicka,w dniu 1.XI.2016r.,15:07
Marszowicka,w dniu 1.XI.2016r.,15:22
Marszowicka,w dniu 1.XI.2016r.,15:37
Marszowicka,w dniu 1.XI.2016r.,15:52
Marszowicka,w dniu 1.XI.2016r.,16:07
Marszowicka,w dniu 1.XI.2016r.,16:22
Marszowicka,w dniu 1.XI.2016r.,16:37
Marszowicka,w dniu 1.XI.2016r.,16:52
Marszowicka,w dniu 1.XI.2016r.,17:07
Marszowicka,w dniu 1.XI.2016r.,17:22
Marszowicka,w dniu 1.XI.2016r.,17:52
Marszowicka,w dniu 1.XI.2016r.,18:07
Marszowicka,w dniu 1.XI.2016r.,19:07
Marszowicka,w dniu 1.XI.2016r.,20:07
Marszowicka,w dniu 1.XI.2016r.,20:57
Marszowicka,w dniu 1.XI.2016r.,21:57
Marszowicka,w dniu 1.XI.2016r.,22:57
Hartmana,w dni robocze,04:53
Hartmana,w dni robocze,05:43
Hartmana,w dni robocze,06:13
Hartmana,w dni robocze,06:43
Hartmana,w dni robocze,07:13
Hartmana,w dni robocze,07:43
Hartmana,w dni robocze,08:13
Hartmana,w dni robocze,08:43
Hartmana,w dni robocze,09:13
Hartmana,w dni robocze,09:43
Hartmana,w dni robocze,10:13
Hartmana,w dni robocze,10:43
Hartmana,w dni robocze,11:13
Hartmana,w dni robocze,11:43
Hartmana,w dni robocze,12:13
Hartmana,w dni robocze,12:43
Hartmana,w dni robocze,13:13
Hartmana,w dni robocze,13:43
Hartmana,w dni robocze,14:13
Hartmana,w dni robocze,14:43
Hartmana,w dni robocze,15:13
Hartmana,w dni robocze,15:43
Hartmana,w dni robocze,16:13
Hartmana,w dni robocze,16:43
Hartmana,w dni robocze,17:13
Hartmana,w dni robocze,17:43
Hartmana,w dni robocze,18:13
Hartmana,w dni robocze,18:43
Hartmana,w dni robocze,19:13
Hartmana,w dni robocze,19:43
Hartmana,w dni robocze,20:13
Hartmana,w dni robocze,21:13
Hartmana,w dni robocze,21:58
Hartmana,w dni robocze,22:58
Hartmana,w dni wolne,06:13
Hartmana,w dni wolne,07:08
Hartmana,w dni wolne,08:08
Hartmana,w dni wolne,09:08
Hartmana,w dni wolne,10:08
Hartmana,w dni wolne,11:08
Hartmana,w dni wolne,12:08
Hartmana,w dni wolne,13:08
Hartmana,w dni wolne,14:08
Hartmana,w dni wolne,15:08
Hartmana,w dni wolne,16:08
Hartmana,w dni wolne,17:08
Hartmana,w dni wolne,18:08
Hartmana,w dni wolne,19:08
Hartmana,w dni wolne,20:08
Hartmana,w dni wolne,20:58
Hartmana,w dni wolne,21:58
Hartmana,w dni wolne,22:58
Hartmana,w dniu 1.XI.2016r.,06:13
Hartmana,w dniu 1.XI.2016r.,07:08
Hartmana,w dniu 1.XI.2016r.,08:08
Hartmana,w dniu 1.XI.2016r.,09:08
Hartmana,w dniu 1.XI.2016r.,09:38
Hartmana,w dniu 1.XI.2016r.,09:53
Hartmana,w dniu 1.XI.2016r.,10:08
Hartmana,w dniu 1.XI.2016r.,10:23
Hartmana,w dniu 1.XI.2016r.,10:38
Hartmana,w dniu 1.XI.2016r.,10:53
Hartmana,w dniu 1.XI.2016r.,11:08
Hartmana,w dniu 1.XI.2016r.,11:23
Hartmana,w dniu 1.XI.2016r.,11:38
Hartmana,w dniu 1.XI.2016r.,11:53
Hartmana,w dniu 1.XI.2016r.,12:08
Hartmana,w dniu 1.XI.2016r.,12:23
Hartmana,w dniu 1.XI.2016r.,12:38
Hartmana,w dniu 1.XI.2016r.,12:53
Hartmana,w dniu 1.XI.2016r.,13:08
Hartmana,w dniu 1.XI.2016r.,13:23
Hartmana,w dniu 1.XI.2016r.,13:38
Hartmana,w dniu 1.XI.2016r.,13:53
Hartmana,w dniu 1.XI.2016r.,14:08
Hartmana,w dniu 1.XI.2016r.,14:23
Hartmana,w dniu 1.XI.2016r.,14:38
Hartmana,w dniu 1.XI.2016r.,14:53
Hartmana,w dniu 1.XI.2016r.,15:08
Hartmana,w dniu 1.XI.2016r.,15:23
Hartmana,w dniu 1.XI.2016r.,15:38
Hartmana,w dniu 1.XI.2016r.,15:53
Hartmana,w dniu 1.XI.2016r.,16:08
Hartmana,w dniu 1.XI.2016r.,16:23
Hartmana,w dniu 1.XI.2016r.,16:38
Hartmana,w dniu 1.XI.2016r.,16:53
Hartmana,w dniu 1.XI.2016r.,17:08
Hartmana,w dniu 1.XI.2016r.,17:23
Hartmana,w dniu 1.XI.2016r.,17:53
Hartmana,w dniu 1.XI.2016r.,18:08
Hartmana,w dniu 1.XI.2016r.,19:08
Hartmana,w dniu 1.XI.2016r.,20:08
Hartmana,w dniu 1.XI.2016r.,20:58
Hartmana,w dniu 1.XI.2016r.,21:58
Hartmana,w dniu 1.XI.2016r.,22:58
Polkowicka,w dni robocze,04:54
Polkowicka,w dni robocze,05:44
Polkowicka,w dni robocze,06:14
Polkowicka,w dni robocze,06:44
Polkowicka,w dni robocze,07:14
Polkowicka,w dni robocze,07:44
Polkowicka,w dni robocze,08:14
Polkowicka,w dni robocze,08:44
Polkowicka,w dni robocze,09:14
Polkowicka,w dni robocze,09:44
Polkowicka,w dni robocze,10:14
Polkowicka,w dni robocze,10:44
Polkowicka,w dni robocze,11:14
Polkowicka,w dni robocze,11:44
Polkowicka,w dni robocze,12:14
Polkowicka,w dni robocze,12:44
Polkowicka,w dni robocze,13:14
Polkowicka,w dni robocze,13:44
Polkowicka,w dni robocze,14:14
Polkowicka,w dni robocze,14:44
Polkowicka,w dni robocze,15:14
Polkowicka,w dni robocze,15:44
Polkowicka,w dni robocze,16:14
Polkowicka,w dni robocze,16:44
Polkowicka,w dni robocze,17:14
Polkowicka,w dni robocze,17:44
Polkowicka,w dni robocze,18:14
Polkowicka,w dni robocze,18:44
Polkowicka,w dni robocze,19:14
Polkowicka,w dni robocze,19:44
Polkowicka,w dni robocze,20:14
Polkowicka,w dni robocze,21:14
Polkowicka,w dni robocze,21:59
Polkowicka,w dni robocze,22:59
Polkowicka,w dni wolne,06:14
Polkowicka,w dni wolne,07:09
Polkowicka,w dni wolne,08:09
Polkowicka,w dni wolne,09:09
Polkowicka,w dni wolne,10:09
Polkowicka,w dni wolne,11:09
Polkowicka,w dni wolne,12:09
Polkowicka,w dni wolne,13:09
Polkowicka,w dni wolne,14:09
Polkowicka,w dni wolne,15:09
Polkowicka,w dni wolne,16:09
Polkowicka,w dni wolne,17:09
Polkowicka,w dni wolne,18:09
Polkowicka,w dni wolne,19:09
Polkowicka,w dni wolne,20:09
Polkowicka,w dni wolne,20:59
Polkowicka,w dni wolne,21:59
Polkowicka,w dni wolne,22:59
Polkowicka,w dniu 1.XI.2016r.,06:14
Polkowicka,w dniu 1.XI.2016r.,07:09
Polkowicka,w dniu 1.XI.2016r.,08:09
Polkowicka,w dniu 1.XI.2016r.,09:09
Polkowicka,w dniu 1.XI.2016r.,09:39
Polkowicka,w dniu 1.XI.2016r.,09:54
Polkowicka,w dniu 1.XI.2016r.,10:09
Polkowicka,w dniu 1.XI.2016r.,10:24
Polkowicka,w dniu 1.XI.2016r.,10:39
Polkowicka,w dniu 1.XI.2016r.,10:54
Polkowicka,w dniu 1.XI.2016r.,11:09
Polkowicka,w dniu 1.XI.2016r.,11:24
Polkowicka,w dniu 1.XI.2016r.,11:39
Polkowicka,w dniu 1.XI.2016r.,11:54
Polkowicka,w dniu 1.XI.2016r.,12:09
Polkowicka,w dniu 1.XI.2016r.,12:24
Polkowicka,w dniu 1.XI.2016r.,12:39
Polkowicka,w dniu 1.XI.2016r.,12:54
Polkowicka,w dniu 1.XI.2016r.,13:09
Polkowicka,w dniu 1.XI.2016r.,13:24
Polkowicka,w dniu 1.XI.2016r.,13:39
Polkowicka,w dniu 1.XI.2016r.,13:54
Polkowicka,w dniu 1.XI.2016r.,14:09
Polkowicka,w dniu 1.XI.2016r.,14:24
Polkowicka,w dniu 1.XI.2016r.,14:39
Polkowicka,w dniu 1.XI.2016r.,14:54
Polkowicka,w dniu 1.XI.2016r.,15:09
Polkowicka,w dniu 1.XI.2016r.,15:24
Polkowicka,w dniu 1.XI.2016r.,15:39
Polkowicka,w dniu 1.XI.2016r.,15:54
Polkowicka,w dniu 1.XI.2016r.,16:09
Polkowicka,w dniu 1.XI.2016r.,16:24
Polkowicka,w dniu 1.XI.2016r.,16:39
Polkowicka,w dniu 1.XI.2016r.,16:54
Polkowicka,w dniu 1.XI.2016r.,17:09
Polkowicka,w dniu 1.XI.2016r.,17:24
Polkowicka,w dniu 1.XI.2016r.,17:54
Polkowicka,w dniu 1.XI.2016r.,18:09
Polkowicka,w dniu 1.XI.2016r.,19:09
Polkowicka,w dniu 1.XI.2016r.,20:09
Polkowicka,w dniu 1.XI.2016r.,20:59
Polkowicka,w dniu 1.XI.2016r.,21:59
Polkowicka,w dniu 1.XI.2016r.,22:59
Wolska,w dni robocze,04:55
Wolska,w dni robocze,05:45
Wolska,w dni robocze,06:16
Wolska,w dni robocze,06:46
Wolska,w dni robocze,07:16
Wolska,w dni robocze,07:46
Wolska,w dni robocze,08:16
Wolska,w dni robocze,08:46
Wolska,w dni robocze,09:16
Wolska,w dni robocze,09:46
Wolska,w dni robocze,10:16
Wolska,w dni robocze,10:46
Wolska,w dni robocze,11:16
Wolska,w dni robocze,11:46
Wolska,w dni robocze,12:16
Wolska,w dni robocze,12:46
Wolska,w dni robocze,13:16
Wolska,w dni robocze,13:46
Wolska,w dni robocze,14:16
Wolska,w dni robocze,14:46
Wolska,w dni robocze,15:16
Wolska,w dni robocze,15:46
Wolska,w dni robocze,16:16
Wolska,w dni robocze,16:46
Wolska,w dni robocze,17:16
Wolska,w dni robocze,17:46
Wolska,w dni robocze,18:16
Wolska,w dni robocze,18:46
Wolska,w dni robocze,19:16
Wolska,w dni robocze,19:46
Wolska,w dni robocze,20:15
Wolska,w dni robocze,21:15
Wolska,w dni robocze,22:00
Wolska,w dni robocze,23:00
Wolska,w dni wolne,06:15
Wolska,w dni wolne,07:10
Wolska,w dni wolne,08:10
Wolska,w dni wolne,09:11
Wolska,w dni wolne,10:11
Wolska,w dni wolne,11:11
Wolska,w dni wolne,12:11
Wolska,w dni wolne,13:11
Wolska,w dni wolne,14:11
Wolska,w dni wolne,15:11
Wolska,w dni wolne,16:11
Wolska,w dni wolne,17:11
Wolska,w dni wolne,18:11
Wolska,w dni wolne,19:11
Wolska,w dni wolne,20:10
Wolska,w dni wolne,21:00
Wolska,w dni wolne,22:00
Wolska,w dni wolne,23:00
Wolska,w dniu 1.XI.2016r.,06:15
Wolska,w dniu 1.XI.2016r.,07:10
Wolska,w dniu 1.XI.2016r.,08:10
Wolska,w dniu 1.XI.2016r.,09:11
Wolska,w dniu 1.XI.2016r.,09:41
Wolska,w dniu 1.XI.2016r.,09:56
Wolska,w dniu 1.XI.2016r.,10:11
Wolska,w dniu 1.XI.2016r.,10:26
Wolska,w dniu 1.XI.2016r.,10:41
Wolska,w dniu 1.XI.2016r.,10:56
Wolska,w dniu 1.XI.2016r.,11:11
Wolska,w dniu 1.XI.2016r.,11:26
Wolska,w dniu 1.XI.2016r.,11:41
Wolska,w dniu 1.XI.2016r.,11:56
Wolska,w dniu 1.XI.2016r.,12:11
Wolska,w dniu 1.XI.2016r.,12:26
Wolska,w dniu 1.XI.2016r.,12:41
Wolska,w dniu 1.XI.2016r.,12:56
Wolska,w dniu 1.XI.2016r.,13:11
Wolska,w dniu 1.XI.2016r.,13:26
Wolska,w dniu 1.XI.2016r.,13:41
Wolska,w dniu 1.XI.2016r.,13:56
Wolska,w dniu 1.XI.2016r.,14:11
Wolska,w dniu 1.XI.2016r.,14:26
Wolska,w dniu 1.XI.2016r.,14:41
Wolska,w dniu 1.XI.2016r.,14:56
Wolska,w dniu 1.XI.2016r.,15:11
Wolska,w dniu 1.XI.2016r.,15:26
Wolska,w dniu 1.XI.2016r.,15:41
Wolska,w dniu 1.XI.2016r.,15:56
Wolska,w dniu 1.XI.2016r.,16:11
Wolska,w dniu 1.XI.2016r.,16:26
Wolska,w dniu 1.XI.2016r.,16:41
Wolska,w dniu 1.XI.2016r.,16:56
Wolska,w dniu 1.XI.2016r.,17:11
Wolska,w dniu 1.XI.2016r.,17:26
Wolska,w dniu 1.XI.2016r.,17:56
Wolska,w dniu 1.XI.2016r.,18:11
Wolska,w dniu 1.XI.2016r.,19:11
Wolska,w dniu 1.XI.2016r.,20:10
Wolska,w dniu 1.XI.2016r.,21:00
Wolska,w dniu 1.XI.2016r.,22:00
Wolska,w dniu 1.XI.2016r.,23:00
Średzka,w dni robocze,04:57
Średzka,w dni robocze,05:47
Średzka,w dni robocze,06:48
Średzka,w dni robocze,07:18
Średzka,w dni robocze,07:48
Średzka,w dni robocze,08:18
Średzka,w dni robocze,08:48
Średzka,w dni robocze,09:18
Średzka,w dni robocze,11:48
Średzka,w dni robocze,12:48
Średzka,w dni robocze,13:18
Średzka,w dni robocze,13:48
Średzka,w dni robocze,14:18
Średzka,w dni robocze,15:18
Średzka,w dni robocze,15:48
Średzka,w dni robocze,16:48
Średzka,w dni robocze,17:18
Średzka,w dni robocze,19:18
Średzka,w dni robocze,19:48
Średzka,w dni robocze,22:02
Średzka,w dni wolne,06:16
Średzka,w dni wolne,07:11
Średzka,w dni wolne,08:11
Średzka,w dni wolne,10:12
Średzka,w dni wolne,12:12
Średzka,w dni wolne,13:12
Średzka,w dni wolne,14:12
Średzka,w dni wolne,15:12
Średzka,w dni wolne,16:12
Średzka,w dni wolne,18:12
Średzka,w dni wolne,19:12
Średzka,w dni wolne,21:01
Średzka,w dni wolne,22:01
Średzka,w dni wolne,23:01
Średzka,w dniu 1.XI.2016r.,06:16
Średzka,w dniu 1.XI.2016r.,07:11
Średzka,w dniu 1.XI.2016r.,08:11
Średzka,w dniu 1.XI.2016r.,09:42
Średzka,w dniu 1.XI.2016r.,09:57
Średzka,w dniu 1.XI.2016r.,10:12
Średzka,w dniu 1.XI.2016r.,10:27
Średzka,w dniu 1.XI.2016r.,10:42
Średzka,w dniu 1.XI.2016r.,10:57
Średzka,w dniu 1.XI.2016r.,11:27
Średzka,w dniu 1.XI.2016r.,11:42
Średzka,w dniu 1.XI.2016r.,11:57
Średzka,w dniu 1.XI.2016r.,12:12
Średzka,w dniu 1.XI.2016r.,12:27
Średzka,w dniu 1.XI.2016r.,12:42
Średzka,w dniu 1.XI.2016r.,12:57
Średzka,w dniu 1.XI.2016r.,13:12
Średzka,w dniu 1.XI.2016r.,13:27
Średzka,w dniu 1.XI.2016r.,13:42
Średzka,w dniu 1.XI.2016r.,13:57
Średzka,w dniu 1.XI.2016r.,14:12
Średzka,w dniu 1.XI.2016r.,14:27
Średzka,w dniu 1.XI.2016r.,14:42
Średzka,w dniu 1.XI.2016r.,14:57
Średzka,w dniu 1.XI.2016r.,15:12
Średzka,w dniu 1.XI.2016r.,15:27
Średzka,w dniu 1.XI.2016r.,15:42
Średzka,w dniu 1.XI.2016r.,15:57
Średzka,w dniu 1.XI.2016r.,16:12
Średzka,w dniu 1.XI.2016r.,16:27
Średzka,w dniu 1.XI.2016r.,16:42
Średzka,w dniu 1.XI.2016r.,16:57
Średzka,w dniu 1.XI.2016r.,17:27
Średzka,w dniu 1.XI.2016r.,17:57
Średzka,w dniu 1.XI.2016r.,18:12
Średzka,w dniu 1.XI.2016r.,19:12
Średzka,w dniu 1.XI.2016r.,21:01
Średzka,w dniu 1.XI.2016r.,22:01
Średzka,w dniu 1.XI.2016r.,23:01
Rubczaka,w dni robocze,04:58
Rubczaka,w dni robocze,05:48
Rubczaka,w dni robocze,06:49
Rubczaka,w dni robocze,07:19
Rubczaka,w dni robocze,07:49
Rubczaka,w dni robocze,08:19
Rubczaka,w dni robocze,08:49
Rubczaka,w dni robocze,09:19
Rubczaka,w dni robocze,11:49
Rubczaka,w dni robocze,12:49
Rubczaka,w dni robocze,13:19
Rubczaka,w dni robocze,13:49
Rubczaka,w dni robocze,14:19
Rubczaka,w dni robocze,15:19
Rubczaka,w dni robocze,15:49
Rubczaka,w dni robocze,16:49
Rubczaka,w dni robocze,17:19
Rubczaka,w dni robocze,19:19
Rubczaka,w dni robocze,19:49
Rubczaka,w dni robocze,22:03
Rubczaka,w dni wolne,06:17
Rubczaka,w dni wolne,07:12
Rubczaka,w dni wolne,08:12
Rubczaka,w dni wolne,10:13
Rubczaka,w dni wolne,12:13
Rubczaka,w dni wolne,13:13
Rubczaka,w dni wolne,14:13
Rubczaka,w dni wolne,15:13
Rubczaka,w dni wolne,16:13
Rubczaka,w dni wolne,18:13
Rubczaka,w dni wolne,19:13
Rubczaka,w dni wolne,21:02
Rubczaka,w dni wolne,22:02
Rubczaka,w dni wolne,23:02
Rubczaka,w dniu 1.XI.2016r.,06:17
Rubczaka,w dniu 1.XI.2016r.,07:12
Rubczaka,w dniu 1.XI.2016r.,08:12
Rubczaka,w dniu 1.XI.2016r.,09:43
Rubczaka,w dniu 1.XI.2016r.,09:58
Rubczaka,w dniu 1.XI.2016r.,10:13
Rubczaka,w dniu 1.XI.2016r.,10:28
Rubczaka,w dniu 1.XI.2016r.,10:43
Rubczaka,w dniu 1.XI.2016r.,10:58
Rubczaka,w dniu 1.XI.2016r.,11:28
Rubczaka,w dniu 1.XI.2016r.,11:43
Rubczaka,w dniu 1.XI.2016r.,11:58
Rubczaka,w dniu 1.XI.2016r.,12:13
Rubczaka,w dniu 1.XI.2016r.,12:28
Rubczaka,w dniu 1.XI.2016r.,12:43
Rubczaka,w dniu 1.XI.2016r.,12:58
Rubczaka,w dniu 1.XI.2016r.,13:13
Rubczaka,w dniu 1.XI.2016r.,13:28
Rubczaka,w dniu 1.XI.2016r.,13:43
Rubczaka,w dniu 1.XI.2016r.,13:58
Rubczaka,w dniu 1.XI.2016r.,14:13
Rubczaka,w dniu 1.XI.2016r.,14:28
Rubczaka,w dniu 1.XI.2016r.,14:43
Rubczaka,w dniu 1.XI.2016r.,14:58
Rubczaka,w dniu 1.XI.2016r.,15:13
Rubczaka,w dniu 1.XI.2016r.,15:28
Rubczaka,w dniu 1.XI.2016r.,15:43
Rubczaka,w dniu 1.XI.2016r.,15:58
Rubczaka,w dniu 1.XI.2016r.,16:13
Rubczaka,w dniu 1.XI.2016r.,16:28
Rubczaka,w dniu 1.XI.2016r.,16:43
Rubczaka,w dniu 1.XI.2016r.,16:58
Rubczaka,w dniu 1.XI.2016r.,17:28
Rubczaka,w dniu 1.XI.2016r.,17:58
Rubczaka,w dniu 1.XI.2016r.,18:13
Rubczaka,w dniu 1.XI.2016r.,19:13
Rubczaka,w dniu 1.XI.2016r.,21:02
Rubczaka,w dniu 1.XI.2016r.,22:02
Rubczaka,w dniu 1.XI.2016r.,23:02
RUBCZAKA (Stacja kolejowa),w dni robocze,04:58
RUBCZAKA (Stacja kolejowa),w dni robocze,05:48
RUBCZAKA (Stacja kolejowa),w dni robocze,06:50
RUBCZAKA (Stacja kolejowa),w dni robocze,07:20
RUBCZAKA (Stacja kolejowa),w dni robocze,07:50
RUBCZAKA (Stacja kolejowa),w dni robocze,08:20
RUBCZAKA (Stacja kolejowa),w dni robocze,08:50
RUBCZAKA (Stacja kolejowa),w dni robocze,09:20
RUBCZAKA (Stacja kolejowa),w dni robocze,11:50
RUBCZAKA (Stacja kolejowa),w dni robocze,12:50
RUBCZAKA (Stacja kolejowa),w dni robocze,13:20
RUBCZAKA (Stacja kolejowa),w dni robocze,13:50
RUBCZAKA (Stacja kolejowa),w dni robocze,14:20
RUBCZAKA (Stacja kolejowa),w dni robocze,15:20
RUBCZAKA (Stacja kolejowa),w dni robocze,15:50
RUBCZAKA (Stacja kolejowa),w dni robocze,16:50
RUBCZAKA (Stacja kolejowa),w dni robocze,17:20
RUBCZAKA (Stacja kolejowa),w dni robocze,19:20
RUBCZAKA (Stacja kolejowa),w dni robocze,19:50
RUBCZAKA (Stacja kolejowa),w dni robocze,22:04
RUBCZAKA (Stacja kolejowa),w dni wolne,06:18
RUBCZAKA (Stacja kolejowa),w dni wolne,07:13
RUBCZAKA (Stacja kolejowa),w dni wolne,08:13
RUBCZAKA (Stacja kolejowa),w dni wolne,10:14
RUBCZAKA (Stacja kolejowa),w dni wolne,12:14
RUBCZAKA (Stacja kolejowa),w dni wolne,13:14
RUBCZAKA (Stacja kolejowa),w dni wolne,14:14
RUBCZAKA (Stacja kolejowa),w dni wolne,15:14
RUBCZAKA (Stacja kolejowa),w dni wolne,16:14
RUBCZAKA (Stacja kolejowa),w dni wolne,18:14
RUBCZAKA (Stacja kolejowa),w dni wolne,19:14
RUBCZAKA (Stacja kolejowa),w dni wolne,21:03
RUBCZAKA (Stacja kolejowa),w dni wolne,22:03
RUBCZAKA (Stacja kolejowa),w dni wolne,23:03
RUBCZAKA (Stacja kolejowa),w dniu 1.XI.2016r.,06:18
RUBCZAKA (Stacja kolejowa),w dniu 1.XI.2016r.,07:13
RUBCZAKA (Stacja kolejowa),w dniu 1.XI.2016r.,08:13
RUBCZAKA (Stacja kolejowa),w dniu 1.XI.2016r.,09:44
RUBCZAKA (Stacja kolejowa),w dniu 1.XI.2016r.,09:59
RUBCZAKA (Stacja kolejowa),w dniu 1.XI.2016r.,10:14
RUBCZAKA (Stacja kolejowa),w dniu 1.XI.2016r.,10:29
RUBCZAKA (Stacja kolejowa),w dniu 1.XI.2016r.,10:44
RUBCZAKA (Stacja kolejowa),w dniu 1.XI.2016r.,10:59
RUBCZAKA (Stacja kolejowa),w dniu 1.XI.2016r.,11:29
RUBCZAKA (Stacja kolejowa),w dniu 1.XI.2016r.,11:44
RUBCZAKA (Stacja kolejowa),w dniu 1.XI.2016r.,11:59
RUBCZAKA (Stacja kolejowa),w dniu 1.XI.2016r.,12:14
RUBCZAKA (Stacja kolejowa),w dniu 1.XI.2016r.,12:29
RUBCZAKA (Stacja kolejowa),w dniu 1.XI.2016r.,12:44
RUBCZAKA (Stacja kolejowa),w dniu 1.XI.2016r.,12:59
RUBCZAKA (Stacja kolejowa),w dniu 1.XI.2016r.,13:14
RUBCZAKA (Stacja kolejowa),w dniu 1.XI.2016r.,13:29
RUBCZAKA (Stacja kolejowa),w dniu 1.XI.2016r.,13:44
RUBCZAKA (Stacja kolejowa),w dniu 1.XI.2016r.,13:59
RUBCZAKA (Stacja kolejowa),w dniu 1.XI.2016r.,14:14
RUBCZAKA (Stacja kolejowa),w dniu 1.XI.2016r.,14:29
RUBCZAKA (Stacja kolejowa),w dniu 1.XI.2016r.,14:44
RUBCZAKA (Stacja kolejowa),w dniu 1.XI.2016r.,14:59
RUBCZAKA (Stacja kolejowa),w dniu 1.XI.2016r.,15:14
RUBCZAKA (Stacja kolejowa),w dniu 1.XI.2016r.,15:29
RUBCZAKA (Stacja kolejowa),w dniu 1.XI.2016r.,15:44
RUBCZAKA (Stacja kolejowa),w dniu 1.XI.2016r.,15:59
RUBCZAKA (Stacja kolejowa),w dniu 1.XI.2016r.,16:14
RUBCZAKA (Stacja kolejowa),w dniu 1.XI.2016r.,16:29
RUBCZAKA (Stacja kolejowa),w dniu 1.XI.2016r.,16:44
RUBCZAKA (Stacja kolejowa),w dniu 1.XI.2016r.,16:59
RUBCZAKA (Stacja kolejowa),w dniu 1.XI.2016r.,17:29
RUBCZAKA (Stacja kolejowa),w dniu 1.XI.2016r.,17:59
RUBCZAKA (Stacja kolejowa),w dniu 1.XI.2016r.,18:14
RUBCZAKA (Stacja kolejowa),w dniu 1.XI.2016r.,19:14
RUBCZAKA (Stacja kolejowa),w dniu 1.XI.2016r.,21:03
RUBCZAKA (Stacja kolejowa),w dniu 1.XI.2016r.,22:03
RUBCZAKA (Stacja kolejowa),w dniu 1.XI.2016r.,23:03
